SalesLicenseeId,Licensee,Address,City,State,Zip,Lat,Long,TotalMedicalSales,TotalAdultUseSales,TotalSalesAll,acquired_datestamp
230e6b6c-04d8-47f0-baed-d0a30e3f09c5," Kure, Inc. Dispensary Santa Fe Third Location",3354 Cerrillos Rd,SANTA FE,NM,87507,35.64835,-106.00216,1118558.58,1475355.04,2593913.62,2023-02-02-093117
3d6fcd73-a6e3-4b81-94a6-cc77d1ecab4c,1912 Cannabis Company Llc - 10Th St Retail,1009 E 10th St,ALAMOGORDO,NM,88310,32.90018,-105.94957,16165.01,21308.48,37473.49,2023-02-02-093117
3f7c4df2-cab9-490b-af5e-1f6b5efc660a,420 Tea Time Llc/ Retail- Rover Blvd,35 Rover Blvd,WHITE ROCK,NM,87544,35.82772,-106.20685,39699.49,90375.62,130075.11,2023-02-02-093117
88da0ba0-1174-4e8e-9e7c-9e810c748d87,505 Farms Abq Llc - Lomas Blvd Retail,5401 Lomas Blvd Ste A,ALBUQUERQUE,NM,87110,35.08765,-106.58447,8119.94,5135.18,13255.13,2023-02-02-093117
0de17c17-9744-4565-9761-352652ecaf92,505Four20 - N Main Retail,221 N Main St,BELEN,NM,87002,34.66224,-106.77657,216888.37,361314.16,578202.53,2023-02-02-093117
23d990be-b89d-46ba-974a-c9add201d106,A Nice Dream Inc - Edith Retail,5050 Edith,ALBUQUERQUE,NM,87107,35.13109,-106.6273,1443.54,396.51,1840.05,2023-02-02-093117
dcd95a8b-86e4-45e8-aa41-72e5d50b49ff,Above Grade Craft Cannabis Llc - San Pedro Blvd Retail,1330 San Pedro Dr NE Suite 103,ALBUQUERQUE,NM,87110,35.09043,-106.57719,2136.07,3826.94,5963.02,2023-02-02-093117
51ba4495-c537-46fb-80f8-8d5b0e4264e3,Akeso Botanicals Llc,200 Conway,LAS CRUCES,NM,88005,32.27726,-106.76909,13157.74,16684.0,29841.74,2023-02-02-093117
1d000610-6fb4-41c6-b39e-8070c7bedbda,"All In 107 Main St Llc - Main St, Portales",107 S Main Ave,PORTALES,NM,88130,34.18653,-103.33696,4642.03,17143.06,21785.09,2023-02-02-093117
0c4ac240-ec68-4626-ac8b-f7709614fe99,Amnesia Dispensary  Accessories,"2723 San Mateo Blvd NE, Suite B",ALBUQUERQUE,NM,87110,35.102909,-106.58681,272415.68,943537.47,1215953.15,2023-02-02-093117
e4a5cf5c-e285-4f6a-b33d-64cac0784d90,Amnesia Dispensary  Accessories - Isleta Blvd Retail,2035 Isleta Blvd SW Ste 1,ALBUQUERQUE,NM,87105,35.04521,-106.67917,181.6,297.65,479.25,2023-02-02-093117
4ae1fc62-9814-40aa-8602-d75d2d0dcf73,Animacann Inc - 20Th St Retail,1901 E 20th St,FARMINGTON,NM,87401,36.74787,-108.1817,27620.84,299625.39,327246.23,2023-02-02-093117
0c58076a-6a56-4d35-840a-1cb442a8f78f,Astro Buds Llc - Mccombs Rd Retail,308 McCombs Rd,CHAPARRAL,NM,88081,32.01755,-106.40944,130844.65,1504320.11,1635164.76,2023-02-02-093117
046a2215-2d55-42c5-ab67-ea7f5fb229d5,Ayas 2021 Llc - Norris St Retail,408 N Norris St,CLOVIS,NM,88101,34.40215,-103.17924,102925.68,418825.41,521751.09,2023-02-02-093117
77a7caa4-a7d4-4867-9548-6ef7ae974e11,Best Daze,1609 Isleta Blvd B,ALBUQUERQUE,NM,87105,35.05302,-106.67845,80916.82,152168.53,233085.35,2023-02-02-093117
1329ddd6-7c48-43ba-a45f-45f328bdaeaf,Best Daze,800 Mills Ave,LAS VEGAS,NM,87701,35.605472,-105.22287,469545.14,703726.31,1173271.45,2023-02-02-093117
10d6fe63-63d1-4c0c-9293-596929ea2eac,Best Daze - Formerly Giving Tree Organics-Production,527  527B N. Riverside Dr.,ESPANOLA,NM,87532,36.023218,-106.06371,830644.35,1058325.34,1888969.69,2023-02-02-093117
0b000075-6716-42c1-866e-4befc3019485,Best Daze Retail,820 Mercer St,SANTA FE,NM,87505,35.679189,-105.954293,817311.98,1330243.47,2147555.45,2023-02-02-093117
74671c71-f5cb-45c4-bc6a-af47179a295b,Best Daze Retail, 5212 4th St NW,ALBUQUERQUE,NM,87107,35.13857,-106.641295,130894.33,188814.03,319708.36,2023-02-02-093117
1815f1e8-6a7b-4225-b6f1-5cbdd002a482,Best Daze Retail,5212 4th St NW,ALBUQUERQUE,NM,87107,35.13526,-106.64154,125797.42,197603.96,323401.38,2023-02-02-093117
416b44dd-f2e7-4cd4-ab28-3356853302ce,Best Daze Retail,200 Coors Blvd NW,ALBUQUERQUE,NM,87105,35.08259,-106.71051,419146.48,862831.41,1281977.89,2023-02-02-093117
059985b1-8aa0-4e0d-a150-71f26f20c724,Best Daze Retail Santa Fe,4641 Airport Rd,SANTA FE,NM,87507,35.638455,-106.024415,1391252.42,1705004.3,3096256.72,2023-02-02-093117
1ce1959d-b21f-47cc-8ad2-ed6c94e40b22,Best Daze Retail Santa Fe,7 Avenida Vista Grande,SANTA FE,NM,87508,35.539211,-105.897789,472007.73,509532.88,981540.61,2023-02-02-093117
c5ce46b4-d91b-4ac6-a3b5-4c6eeb118942,Big Ranch Cultivation - Hudson Retail,909 N Hudson,SILVER CITY,NM,88061,32.77514,-108.2746,69.0,94.0,163.0,2023-02-02-093117
28cbecfe-84d4-402d-8af0-eec2790a09b9,Bighorn Ventures- Retail,536 Paseo del Pueblo Norte,TAOS,NM,87571,36.41598,-105.56975,107.5,1085.0,1192.5,2023-02-02-093117
4a4fe55b-29c6-4b0c-94df-9e6d652db319,Bosque Buds Llc/ Retail 6Th St Nw,2505 6th St NW,ALBUQUERQUE,NM,87102,35.11043,-106.64875,5952.57,13390.45,19343.02,2023-02-02-093117
25d926a2-a02a-48d4-aec2-bb86872d1593,Boutique High - Lomas Blvd Retail,13025 Lomas Blvd NE Ste B,ALBUQUERQUE,NM,87112,35.087592,-106.542626,57769.12,194841.49,252610.6,2023-02-02-093117
41dbf5f3-9018-47b8-884a-0f7a487fcecb,Bryans Greencare Retail,2117 Sudderth,RUIDOSO,NM,88345,33.33048,-105.66713,18484.78,113119.9,131604.68,2023-02-02-093117
16955aa1-4116-4563-92b3-75e7ac749621,Bryans Greencare Retail,201 North Grimes,HOBBS,NM,88240,32.714508,-103.144847,164715.08,1441733.53,1606448.61,2023-02-02-093117
4a563867-3eff-4c5c-bf37-ce1b19d7fed9,Bryans Greencare Retail, 3108 North Main,ROSWELL,NM,88201,33.629001,-104.553122,19487.7,62428.35,81916.05,2023-02-02-093117
0dffa8c7-79e5-4ce1-88a4-3ef15e204abe,Bryans Greencare Retail, 2117 Sudderth,RUIDOSO,NM,88345,33.328558,-105.663388,19904.7,141102.28,161006.98,2023-02-02-093117
0284940b-cbed-4dd6-9a37-0b6cb28890a0,Bryans Greencare Retail,3108 North Main,ROSWELL,NM,88201,33.629001,-104.553122,24117.93,153988.29,178106.22,2023-02-02-093117
01a1eb92-9d72-4d1d-a0db-dabc6e4709f5,Bud Board Dispensary Llc - Pierce Retail,618 W Pierce,CARLSBAD,NM,88220,32.439778,-104.255908,448874.48,1864275.08,2313149.56,2023-02-02-093117
168723fa-9af6-4e3c-b1ad-902466e877d2,Bud Brothers Llc - Hobbs Retail,2702 W Marland Blvd,HOBBS,NM,88240,32.69685,-103.17012,1563.04,252021.95,253584.99,2023-02-02-093117
13ec60bf-7c74-44e1-800c-0e9e2f0a816a,Bud In Bud Out Llc,915 E Main St,TUCUMCARI,NM,88401,35.17923,-103.71525,41925.81,129717.87,171643.68,2023-02-02-093117
2ae25dbd-ee28-4285-982e-9902d377007c,Budder Pros,121 US Route 66,MORIARTY,NM,87035,34.99005,-106.049189,77016.59,192925.22,269941.81,2023-02-02-093117
02bd9040-e1c6-40e0-a9f3-eada539ec147,Budding Hope,1514 Coors Blvd Ste B,ALBUQUERQUE,NM,87121,35.191492,-106.657001,640973.28,674392.05,1315365.33,2023-02-02-093117
0c0fa4fc-9130-4b7f-9ff9-b0781c8bae6a,Budding Hope - San Mateo Retail,2621 San Mateo Blvd NE Ste B,ALBUQUERQUE,NM,87110,35.102909,-106.58681,619831.23,516183.54,1136014.77,2023-02-02-093117
3469ad67-2ef7-44b0-9435-1a96236fb155,Budding Industries Llc - Burro Ave Retail,504 Burro Ave,CLOUDCROFT,NM,88317,32.95855,-105.739787,40897.16,284623.46,325520.62,2023-02-02-093117
008da7a2-5222-4073-a6a1-7a83609ddcd7,Buffalo Bud Farming Co Llc - Retail,910 N Pope St,SILVER CITY,NM,88061,32.77495,-108.27596,100123.89,142223.67,242347.56,2023-02-02-093117
a4459ea5-7354-4b25-942c-2d10ade332f1,Bx3 Enterprises Llc - Retail,100 Mountain Park,ALBUQUERQUE,NM,87114,35.19464,-106.60708,3620.44,6387.74,10008.18,2023-02-02-093117
3ec638cc-9ddd-4b57-b95f-7e50783e9704,C.G. Corrigan Dispensery,1400 Main St. STE D,LOS LUNAS,NM,87031,34.804828,-106.705262,819326.61,839726.87,1659053.48,2023-02-02-093117
6f254b30-e0b1-47d3-8b0e-84d223aeaaaf,C.G. Corrigan-Santa Fe,802 Early St.,SANTA FE,NM,87505,35.67799,-105.95252,496133.07,455716.08,951849.15,2023-02-02-093117
9c9d9861-5ef8-4dba-97e4-2fe7f4d3eaac,Cannabias,1912 N Grimes,HOBBS,NM,88240,32.72014,-103.14454,189426.25,1019287.44,1208713.69,2023-02-02-093117
6818422e-0179-44e3-b7e4-99a10897fa60,Cannabias,1002 W Pierce,CARLSBAD,NM,88220,32.439778,-104.255908,73043.58,263264.67,336308.25,2023-02-02-093117
16fc4ff0-d403-4df0-971b-a7c2f06db915,Cannabliss - Madrid Retail,2883 A NM 14,MADRID,NM,87010,35.40877,-106.15175,33799.64,238223.65,272023.29,2023-02-02-093117
1945234c-9dce-40c1-899c-e90492d6e919,Cannaceutics Dispensary,"4316 Carlisle Blvd. NE, Suite D",ALBUQUERQUE,NM,87107,35.117814,-106.604084,665561.37,0.0,665561.37,2023-02-02-093117
0674abdd-f00c-4fbc-a1f0-448f33a61c15,Cannacollc - 4Th St Retail,4212 4th St NW,ALBUQUERQUE,NM,87107,35.13857,-106.641295,26436.79,91820.61,118257.4,2023-02-02-093117
0b8f4e55-c26f-4c42-b3f2-64b6e0d911e2,Cannaverse - Nevada Ave Retail,2305 Nevada Ave,LAS CRUCES,NM,88001,32.30317,-106.762334,119571.58,267664.72,387236.33,2023-02-02-093117
053e8f2f-5878-492f-b28c-67f5e5bc91cd,Canvas Organics Enterprises Llc,3000 San Pedro Drive NE Suite B,ALBUQUERQUE,NM,87110,35.084103,-106.650985,189928.44,451899.37,641827.8,2023-02-02-093117
3abc708a-81d0-4abf-b8a3-b24017888b31,Cardiel Botanica Ltd Co - Mcnutt Rd Retail,1685 McNutt,SUNLAND PARK,NM,88063,31.79606,-106.56921,1834.17,6841.04,8675.21,2023-02-02-093117
5a66d767-de97-47c3-81b2-c65d3160d807,Cardiel Botanica Ltd Co - Palomas Pl Retail,100 Palomas Pl Ste B-2,SUNLAND PARK,NM,88063,31.81202,-106.59384,30392.22,189979.5,220371.72,2023-02-02-093117
27923c20-a868-4884-9d4a-fe52e64e86ec,Carolinas Choice Llc/ Retail Enterprise Rd,1404 Enterprise Rd,SOCORRO,NM,87801,34.02840651490425,-106.92064046859741,41.27,228.0,269.27,2023-02-02-093117
64b282cb-d964-4ff1-aa76-50300674ac80,"Carolinas Choice, Llc - Copper Ave Retail",13600 Copper Ave NE,ALBUQUERQUE,NM,87123,35.07869,-106.49779,28963.63,89635.1,118598.73,2023-02-02-093117
3184cccd-566c-4c86-8a14-c20bbd25eaf5,Carver Family Farm- Retail Micro, 8917 Adams ST NE,ALBUQUERQUE,NM,87113,35.083681,-106.594187,307283.32,284413.35,591696.67,2023-02-02-093117
0ff27c18-9e99-4c0f-baef-e1fbd4a26097,Carver Family Farm- Retail Micro,8917 Adams ST NE,ALBUQUERQUE,NM,87113,35.18765,-106.59498,308041.97,362947.23,670989.2,2023-02-02-093117
00ea1b79-da56-4f06-b25a-703e0e7c3797,Cave City Cannabis Co Llp - Church St Retail,108 E Church St,CARLSBAD,NM,88220,32.42869,-104.2256,130230.44,269428.56,399659.0,2023-02-02-093117
023080d7-ff5a-45c6-9df7-02383b046f65,"Ccc Holdings, Llc","102 Mexican Avenue, Unit 420",CLOUDCROFT,NM,88317,32.95962,-105.74347,55348.5,323771.71,379120.21,2023-02-02-093117
21d303d0-6b2f-437f-be07-d5bedc2b160e,Cg Corrigan Dispensary - Albuquerque,6614 Gulton Ct. NE,ALBUQUERQUE,NM,87109,35.15341,-106.59908,645703.44,480018.7,1125722.14,2023-02-02-093117
10762167-2775-4df7-821f-6061dd329ddf,Cg Corrigan Dispensary - Placitas,"30 E Frontage Road, Suite D",PLACITAS,NM,87403,34.15497,-106.9164,299168.05,183397.44,482565.49,2023-02-02-093117
27c5930a-a0f7-4101-bfd9-53eb5948206f,Chadcor Holdings Nm- Retail," 2240 E Lohman Ave., Unit 1",LAS CRUCES,NM,88001,32.31232,-106.75266,201036.42,366651.57,567687.99,2023-02-02-093117
5e3e84e4-330a-4564-b67e-c71651992165,Chillax Glass - Sudderth Rd Retail,200 Sudderth Rd Unit A  B,RUIDOSO,NM,88345,33.32325,-105.63107,29855.57,88597.21,118452.78,2023-02-02-093117
02a0b7be-c591-4607-972e-a72b778f7643,Chronic Kings Llc - Lomas Blvd Retail,400 Lomas Blvd NE,ALBUQUERQUE,NM,87102,35.09048,-106.6454,81723.62,534028.29,615751.92,2023-02-02-093117
1f6cef58-445d-4623-9598-84df9939b548,Cinder New Mexico Llc - 3Rd St Abq Retail,800 3rd St NW,ALBUQUERQUE,NM,87102,35.092916,-106.648801,66310.44,180654.17,246964.61,2023-02-02-093117
0d156772-9a75-44f2-a659-dfd3be005ed0,Cloud 9 Zendustries,5200 Constitution Avenue NE,ALBUQUERQUE,NM,87110,35.09444,-106.58731,5722.44,55004.75,60727.19,2023-02-02-093117
01e8e862-f487-4478-af81-0540b1e0e372,Cmc Cannabis Dispensary Llc/ Retail W Historic Hwy 66,611 W Historic HWY 66,GALLUP,NM,87301,35.52608,-108.74848,23765.16,0.0,23765.16,2023-02-02-093117
00af8b9f-2e94-450b-8db1-8dc6d0519fa5,Compassionate Distributors Alamogordo,2617 N. White Sands Blvd. Ste. D,ALAMOGORDO,NM,88310,32.92334,-105.96109,443471.26,415172.57,858643.83,2023-02-02-093117
03b3eebb-c2c4-4c65-9a25-2737b4a044a3,Compassionate Distributors Dispensary - Roswell,117 West Walnut,ROSWELL,NM,88203,33.39214,-104.52373,402350.55,325879.95,728230.49,2023-02-02-093117
0356f844-66cf-4769-b834-f1a17c9e8e10,Compassionate Distributors Dispensary - Ruidoso,1100 Sudderth Dr.,RUIDOSO,NM,88345,33.3255,-105.65858,336146.75,497349.89,833496.64,2023-02-02-093117
2c1470d4-1068-4c21-aa16-be83d76b9e24,Compassionate Distributors Dispensary - Ruidoso,1216 Mechem Dr.,RUIDOSO,NM,88345,33.342463,-105.674117,50224.21,712.0,50936.21,2023-02-02-093117
0141dc26-f2ab-466a-96ab-408f886cf381,Compassionate Distributors Dispensary-Carlsbad,1704 S. Canal Street,CARLSBAD,NM,88220,32.38989,-104.218898,347359.4,714409.22,1061768.62,2023-02-02-093117
102c1643-ad81-4696-b666-4eaf81543d8f,Compassionate Distributors Hobbs,1822 S. Dal Paso,HOBBS,NM,88240,32.6824,-103.1269,159024.55,1125249.43,1284273.98,2023-02-02-093117
0732f597-4264-4ed2-afa2-c00947115fb3,Compassionate Distributors Inc,1321 N Pile St,CLOVIS,NM,88101,34.419312,-103.20401,228997.12,246326.57,475323.69,2023-02-02-093117
158e8d04-e1c9-4db1-8c79-4052f36aba3c,Compassionate Distributors Incorporated,338 Paseo Del Pueblo Sur Unit 2,TAOS,NM,87571,36.407249,-105.573066,102429.54,215072.34,317501.88,2023-02-02-093117
fd5e2bbd-49e4-4cd7-9053-22d8d3ee353c,Compassionate Distributors Incorporated,1925 Appaloosa Ste 4-5,SUNLAND PARK,NM,88063,31.796496,-106.579989,1202.0,0.0,1202.0,2023-02-02-093117
36b11534-57ff-429d-901a-f14d71c84b34,Compassionate Distributors Incorporated,401 Anthony Dr,ANTHONY,NM,88021,32.00367,-106.60652,47605.56,138167.13,185772.69,2023-02-02-093117
44e83b5f-03ee-4300-b486-ee212651fd8d,Compassionate Distributors Incorporated - Don Diego Retail,713 Don Diego Ave,SANTA FE,NM,87505,35.671007,-105.949429,83895.73,141828.23,225723.96,2023-02-02-093117
2752fc90-8008-491c-b5e5-602f90c5eb9e,Compassionate Distributors Incorporated/ Retail 2Nd Street Nw,1100 2nd Street NW,ALBUQUERQUE,NM,87102,35.09385,-106.64729,17108.25,23382.55,40490.8,2023-02-02-093117
8845dc6b-7de3-4131-a66d-c5c1db23a26d,Compassionate Distributors Incorporated/ Retail Lomas Blvd Nw,1520 Lomas Blvd NW,ALBUQUERQUE,NM,87102,35.09052,-106.62624,5581.6,8045.69,13627.29,2023-02-02-093117
309b7d9b-d626-4fdd-8032-8ae8c0146d4b,Compassionate Distributors Las Cruces,609 E Amador Ave,LAS CRUCES,NM,88011,32.30958,-106.763195,346781.78,343042.33,689824.11,2023-02-02-093117
7543d27f-dafc-4094-b038-ffcc30b092a8,Compassionate Distributors Oso Cannabis Retail,17839-A US 84/285,SANTA FE,NM,87056,35.86753,-106.00331,120.0,0.0,120.0,2023-02-02-093117
09648217-e47d-4dbf-bad1-7d61c5568917,Compassionate Distributors Portales,1429 S. Avenue D,PORTALES,NM,88130,34.17623,-103.33456,246149.33,190650.79,436800.12,2023-02-02-093117
16d4d5c5-57ed-431f-9a53-ed6e669fcf51,Corrales Hemporium Llc/ Retail Corrales Road,4484 Corrales Road,CORRALES,NM,87048,35.22469,-106.61432,3190.45,8344.21,11534.66,2023-02-02-093117
05b5eb35-d6f4-45d1-8bfc-a42a54f7e106,"Cowboy Verde Llc - Mabry Dr, Clovis Retail",1605 Mabry Dr,CLOVIS,NM,88101,34.395166,-103.160806,78747.41,797273.86,876021.27,2023-02-02-093117
208d16ff-0823-4489-99d2-a94196c5626f,Cowboy Verde Llc/ Retail S Main,211 S Main,BELEN,NM,87002,34.6596,-106.77777,13253.73,39352.34,52606.05,2023-02-02-093117
0fae36c7-6b41-47f5-b0a3-a1cfdd8946d7,Cowboy Verde Llc/ Retail Us-54,124 US-54,LOGAN,NM,88426,35.373634,-103.406929,11465.97,48016.44,59482.41,2023-02-02-093117
2d44a126-7474-4c47-b771-b1da2e8b3fe2,Cranium Extracts Llc,"4501 4th Street NW, Suite E",ALBUQUERQUE,NM,87107,35.12891,-106.64335,52684.91,115659.0,168343.91,2023-02-02-093117
67dce53b-d0e3-4798-a051-e966ba6e03bd,Cuchillo Greens1 Llc,60 Willow Springs Rd,TRUTH OR CONSEQUENCES,NM,87901,33.27792,-107.18485,6630.63,11836.24,18466.87,2023-02-02-093117
0652f6e5-26c0-4d45-96ad-cc930f4327b4,Deep Sky Cannabis Llc - Luana St Retail,1320 Luana St,SANTA FE,NM,87505,35.661898,-105.983216,180624.6,411678.05,592302.65,2023-02-02-093117
20afd7ab-5c64-4045-99c7-70db26eb34b9,Deming Cannabis Company Llc - Spruce St Retail,1113 W Spruce St,DEMING,NM,88030,32.26651,-107.77133,115855.94,278610.97,394466.91,2023-02-02-093117
ab1edc8b-61bd-4bc6-af27-b108a2d4ba42,Deming Ganja Lounge Llc/ Retail North 8Th Street Suite B,119 North 8th Street Suite B,DEMING,NM,88030,32.26851,-107.76852,5523.32,8276.88,13800.2,2023-02-02-093117
097e7d37-431c-4ddc-a9c9-edb569448825,Desert Flower Llc - Aztec Rd Retail,1308 W Aztec Blvd,AZTEC,NM,87410,36.82656,-108.00874,0.0,37204.67,37204.67,2023-02-02-093117
12b02d1f-a42e-4709-977a-4fef53d361b2,Dispensary Near Me/ Retail Nm47,2384 NM 47,BELEN,NM,87002,34.66075,-106.73686,80212.16,183647.98,263860.14,2023-02-02-093117
105765f8-a4b0-443c-9f74-3e5d449a1fb5,Distinguished Dispensary Llc - English Rd Retail,4601 English Rd,FARMINGTON,NM,87402,36.77012,-108.14932,28393.4,538929.33,567322.73,2023-02-02-093117
02162e87-d433-4f74-98b1-611c7ad3e0e5,Downtown Dispensary Tucumcari,113 S 2nd St,TUCUMCARI,NM,88401,35.17855,-103.72632,81656.66,362907.7,444564.36,2023-02-02-093117
2d9ba07d-1f31-494f-a80a-defabcab0d74,Duke City Herbs - Central Ave Retail,4012 Central Ave SE,ALBUQUERQUE,NM,87108,35.07902,-106.59929,25.0,928.53,953.53,2023-02-02-093117
25b98d79-a885-4661-b0e0-6323388c87b4,Dulce Cannabis,2000 Carlisle Blvd NE Suite B,ALBUQUERQUE,NM,87110,35.10123,-106.60386,109100.13,404038.89,513139.02,2023-02-02-093117
1015bb52-52bf-4cf0-9f6a-d4ba0b565bed,"Earl And Tom Llc - Main St, Clovis Retail",106 S Main St,CLOVIS,NM,88101,34.382582,-103.205293,217604.94,883380.97,1100985.91,2023-02-02-093117
2d440b0f-e605-49c5-a04e-f4cc8f8ed892,Elements Dispensary Llc/ Retail Lomas Blvd Ne,9901 Lomas Blvd NE,ALBUQUERQUE,NM,87112,35.0876,-106.53661,24703.48,50461.37,75164.85,2023-02-02-093117
1a1dcd33-1999-4711-87e8-7baebd23e717,Elevation 6420 Llc - Mechem Dr - Retail,101 Mechem Dr,RUIDOSO,NM,88345,33.33461,-105.68155,437417.83,1239924.37,1677342.18,2023-02-02-093117
6858c83e-e03f-4ae5-816e-1fc79bc77f87,Elevation 6420 Llc - Sudderth Dr - Retail,2553 Sudderth Dr,RUIDOSO,NM,88345,33.328558,-105.663388,19147.86,105637.81,124785.67,2023-02-02-093117
23db6724-e6a8-46a4-a081-b51cc0029bff,Elkhorn Retail Llc/ Retail 98Th St Sw,101 98th St SW,ALBUQUERQUE,NM,87121,35.07343,-106.74322,231949.35,374431.97,606381.32,2023-02-02-093117
01ce277b-ae5a-47fe-b68d-5950b8224502,Elkhorn Retail Llc/ Retail Cerrillos Road,1829 Cerrillos Road,SANTA FE,NM,87505,35.66517,-105.97311,710565.0,950242.1,1660807.1,2023-02-02-093117
00fa8c92-b8ca-483a-b511-4c26a3071ac7,Elkhorn Retail Llc/ Retail Montgomery Road,9132 Montgomery Road,ALBUQUERQUE,NM,87111,35.13036,-106.54066,182067.48,133424.84,315492.32,2023-02-02-093117
13d5744c-5b4d-4d7e-b357-25cf9bd5d4c5,Elkhorn Retail Llc/ Retail N Guadalupe,604 N Guadalupe,SANTA FE,NM,87501,35.69513,-105.95089,92724.96,212976.32,305701.28,2023-02-02-093117
0e22815f-5d29-4a40-997d-dc78e5a4ac6a,Elkhorn Retail Llc/ Retail Old Santa Fe Trail,507 Old Santa Fe Trail,SANTA FE,NM,87505,35.68108,-105.93751,173795.22,392758.16,566553.38,2023-02-02-093117
0558988f-8e50-419a-997f-3075a8219267,Elkhorn Retail Llc/ Retail Paseo Del Pueblo Sur Suite C,925 Paseo Del Pueblo Sur Suite C,TAOS,NM,87571,36.38625,-105.58473,84505.11,232955.9,317461.01,2023-02-02-093117
572d30db-dfe0-44ae-b5d4-5637ba3025c2,Elkhorn Retail Llc/ Retail Paseo Del Sur Suite A,1033 Paseo Del Sur Suite A,TAOS,NM,87571,36.37651,-105.5535,277780.37,315202.7,592983.07,2023-02-02-093117
6e3a3316-ab2f-4641-82a8-d4e6f625f629,Elkhorn Retail Llc/ Retail San Pedro Dr Ne,2325 San Pedro Dr NE,ALBUQUERQUE,NM,87110,35.10918,-106.577475,175655.78,182494.76,358150.54,2023-02-02-093117
3007f68a-fbb9-4f09-b15e-92e60a169126,Elkhorn Retail Llc/ Retail South Riverside Drive,423 South Riverside Drive,ESPANOLA,NM,87532,35.98869,-106.06504,223231.17,251875.9,475107.07,2023-02-02-093117
0cff761f-7b2b-42b2-b8c0-627249144d7e,Enchanted Botanicals Llc - Central Ave Retail,3417 Central Avenue NE,ALBUQUERQUE,NM,87106,35.081436,-106.626727,65642.09,101578.83,167220.9,2023-02-02-093117
23f3e0a6-5599-4e71-a2d8-6e0deae87aa2,Enchanted Botanicals Llc - Menaul Blvd Retail,5737 Menaul Blvd NE,ALBUQUERQUE,NM,87110,35.108845,-106.531508,445590.8,872389.84,1317980.6,2023-02-02-093117
63eeb502-36cf-4e65-a3ef-84df9feb6f49,Enchanted Desert Farms Llc,42417 Highway 70 Suite 420,PORTALES,NM,88130,34.19639,-103.326,4667.5,2367.2,7034.7,2023-02-02-093117
0156f05a-092c-4f17-99fb-9824217e100c,Enchanted Life Nm - Louisiana Retail,400 Louisiana SE,ALBUQUERQUE,NM,87108,35.072436,-106.568382,46586.8,87769.01,134355.8,2023-02-02-093117
10b255af-8129-46c5-ae89-008571285f26,Enchanted Strains Llc - 7Th St Retail,2300 7th St,CLOVIS,NM,88101,34.404591,-103.244803,55315.47,209276.38,264591.86,2023-02-02-093117
17209772-ef4e-493b-8db1-02c9f46a4891,Endo Llc - Retail,2903 Agua Fria St,SANTA FE,NM,87507,35.66348,-105.99777,284341.57,546484.07,830825.64,2023-02-02-093117
341ee8a2-7545-435e-905a-14f49adf8092,Es Holdings Llc - Central Retail,8508 Central Ave SE,ALBUQUERQUE,NM,87108,35.07369,-106.55229,140752.9,288947.49,429700.39,2023-02-02-093117
0a1e5de6-e297-4791-b615-e4dc3ba2b25f,Everest Apothecary,1240 S Valley Dr Ste D,LAS CRUCES,NM,88005,32.29426,-106.78681,209633.03,485541.78,695174.81,2023-02-02-093117
21fc12b8-91bd-42d4-8454-a77af0b70aae,Everest Apothecary,3963 Cerrillos Rd Ste B,SANTA FE,NM,87507,35.620423,-106.028899,289365.82,851530.78,1140896.6,2023-02-02-093117
0e85d438-cf14-4dbe-9580-c99897a12265,Everest Apothecary,6010 Coors Blvd Ste 3,ALBUQUERQUE,NM,87120,35.080009,-106.710619,414143.58,1092644.62,1506788.2,2023-02-02-093117
06ba1a00-21b6-4657-b5c1-31485988f3f0,Everest Apothecary,1580 Appaloosa Dr Ste 320,SUNLAND PARK,NM,88063,31.796496,-106.579989,222157.12,3094347.48,3316504.6,2023-02-02-093117
5e5f9f3c-119e-40aa-82c7-3eda918d3c9d,Everest Apothecary,202 N State St,TEXICO,NM,88135,34.39003,-103.04489,19840.78,98067.95,117908.73,2023-02-02-093117
06166a81-4a17-4c92-865f-b17299d122e8,Everest Apothecary - Albuquerque Dispensary,"10660 Unser Blvd., NW",ALBUQUERQUE,NM,87114,35.076944,-106.722994,824063.05,1460436.25,2284499.3,2023-02-02-093117
02949bad-cb6d-4e9b-aa9b-ee69caf8fbda,Everest Apothecary - Dispensary,9237 4th St. NW,ALBUQUERQUE,NM,87114,35.13928,-106.641083,630011.92,1032601.39,1662613.31,2023-02-02-093117
2c58f6ce-cc26-4fdb-99db-bf213dce9017,Everest Apothecary - Las Cruces Dispensary,3841 East Lohman Ave,LAS CRUCES,NM,88011,32.316103,-106.743652,643300.84,1363201.7,2006502.54,2023-02-02-093117
0b8cc556-e082-46a5-98d7-bfdf74eb0319,Everest Apothecary - Los Lunas Dispensary,"1651 Main Street, Suite E",LOS LUNAS,NM,87031,34.81342,-106.75385,777711.88,1315753.43,2093465.31,2023-02-02-093117
04c179ee-d033-4a13-b824-7ba5167814fb,Everest Apothecary - Retail,5809 Juan Tabo,ALBUQUERQUE,NM,87111,35.136266,-106.515627,592330.49,1101762.38,1694092.87,2023-02-02-093117
0e088b31-e1ab-4cd2-98d8-7ceecf5b73e0,Everest Apothecary Dispensary,"2201 Louisiana, Suite E",ALBUQUERQUE,NM,87110,35.10412,-106.56938,837611.33,1388968.86,2226580.19,2023-02-02-093117
00b06342-5624-4b42-ba4e-8f7d324a48e7,Everest Apothecary- Albuquerque Dispensary,"4201 Central Avenue NW, Suite B-6",ALBUQUERQUE,NM,87105,35.08665,-106.68715,635178.99,890097.84,1525276.83,2023-02-02-093117
7048f95b-400c-4acf-9366-404a09bc2bc5,Everest Apothecary/ Retail Montgomery Blvd Ne,3504 Montgomery Blvd NE,ALBUQUERQUE,NM,87107,35.13066,-106.6062,5243.98,6386.69,11630.67,2023-02-02-093117
0fc621cb-5d24-439d-b34f-f97f9fb47f2a,Factory Direct Pipes Rec - 7Th St Retail,321 W 7th St Ste B,CLOVIS,NM,88101,34.40443,-103.20884,2090.88,124327.31,126418.19,2023-02-02-093117
06da2374-f942-408a-9a2a-c8ed0471d67b,Fci Of New Mexico - Cerrillos Rd Retail,3258 Cerrillos Rd,SANTA FE,NM,87507,35.65069,-105.99825,82809.54,200048.15,282857.69,2023-02-02-093117
2634d46c-831b-4f67-9ec4-b4140757a394,Fci Of New Mexico - Espanola Retail,419 N Riverside Dr,ESPANOLA,NM,87532,35.987709,-106.061802,138436.33,285914.55,424350.88,2023-02-02-093117
07474021-31ed-4530-9803-4a16c07b1c7a,Fci Of New Mexico - Eubank Blvd Retail,2015 Eubank Blvd NE,ALBUQUERQUE,NM,87112,35.121251,-106.533379,242618.17,735202.28,977820.45,2023-02-02-093117
0292340c-d65e-4896-b205-9016dc918ab5,Fci Of New Mexico - Farmington Retail,3501 E Main St Ste 1  2,FARMINGTON,NM,87402,36.730429,-108.208919,43595.04,370160.81,413755.85,2023-02-02-093117
038b5b1b-355b-4846-91c3-f72cf0c936e4,Fci Of New Mexico - Gallup Retail,1379 US-491,GALLUP,NM,87301,35.54611,-108.75966,69584.5,690816.79,760401.29,2023-02-02-093117
34735d73-ecd4-4204-90c3-4b6f8572c00a,Fci Of New Mexico - Picacho Ave Retail,140 W Picacho Ave Unit C,LAS CRUCES,NM,88005,32.3171,-106.7818,31426.26,71411.45,102837.71,2023-02-02-093117
1a7b6080-8afb-44e0-a9f7-07ed737312cd,Fci Of New Mexico - Production,1319 E Pine St,DEMING,NM,88030,32.26886,-107.74384,7065.3,0.0,7065.3,2023-02-02-093117
0f94b223-f271-4dd8-80c9-83e70b6495c7,Fci Of New Mexico - Roswell Retail,2303 N Main St,ROSWELL,NM,88201,33.42004,-104.5225,63843.39,167174.73,231018.12,2023-02-02-093117
24265dfc-22ae-477a-9b0f-09773448915b,Fci Of New Mexico - San Mateo Blvd Retail,4000 San Mateo Blvd NE Ste A,ALBUQUERQUE,NM,87110,35.12669,-106.58595,105491.99,330610.13,436102.12,2023-02-02-093117
0b086b78-2ae9-4bc8-a8a6-7c7cce3ed3c6,Fci Of New Mexico - Taos Retail,1128 Paseo del Pueblo Sur,TAOS,NM,87571,36.381,-105.58936,114659.12,483268.98,597928.1,2023-02-02-093117
02dbba2a-400b-4c54-9966-77b53c78cc53,Flora Verde Llc - Maguey Ct Retail,100 Maguey Ct,SUNLAND PARK,NM,88063,31.81139,-106.59334,71159.15,683747.94,754907.09,2023-02-02-093117
1cd7d28b-9a61-433e-8b3e-a1bde0492f96,Flowers And Herb Markets Inc - San Pasquale Retail,119 San Pasquale Ave SW Ste A,ALBUQUERQUE,NM,87104,35.091831,-106.669324,30370.2,100054.94,130425.14,2023-02-02-093117
0a98f4a1-98e3-4f45-9685-271da8ff2143,Flowers Flowers Lc - Retail,700 E 1st St Space 748,ALAMOGORDO,NM,88310,32.88921,-105.95451,68610.69,114591.73,183202.42,2023-02-02-093117
b01c6d29-30b2-4838-9815-2c5240ead793,Fly High New Mexico Llc/ Retail San Mateo Blvd Ne Ste C,4001 San Mateo Blvd NE STE C,ALBUQUERQUE,NM,87110,35.12682,-106.5869,31748.06,56453.59,88201.65,2023-02-02-093117
1efbf95e-7825-455c-9031-592af3b39f34,Fort Twenty Cannabis Company Llc - Jefferson St Retail,7600 Jefferson St NE Ste 6,ALBUQUERQUE,NM,87109,35.142281,-106.595766,59681.92,166418.56,226100.48,2023-02-02-093117
24c91034-cc6f-4860-9e53-b4faba8da64f,Fratelli Investment Group Llc - Solano Dr Retail,908 S Solano Dr,LAS CRUCES,NM,88001,32.30352,-106.7638,4223.02,15561.63,19784.65,2023-02-02-093117
07d03589-cd6d-4782-b18a-abed5019f658,Freshbudz Llc - Riverside Dr Retail,1811 N Riverside Dr Ste A,ESPANOLA,NM,87532,36.01892,-106.06365,191899.96,322232.83,514132.79,2023-02-02-093117
13fe87ce-e1f6-4764-9c2b-07a18223e4ea,Fruit Of The Earth Organics Processing,815 C Early Street,SANTA FE,NM,87505,35.678316,-105.952308,6829.0,0.0,6829.0,2023-02-02-093117
0a847299-02ab-4a63-b30c-8af07498dfcc,Fruit Of The Earth Organics-Dispensary,901 Early Street,SANTA FE,NM,87505,35.67639,-105.95201,2201075.27,1042079.77,3243155.04,2023-02-02-093117
47fcc26d-8225-4634-a954-86df49531499,Gaia Traders - Rufina Retail,1330 Rufina Circle,SANTA FE,NM,87507,35.654071,-105.995537,28933.0,121118.9,150051.9,2023-02-02-093117
0a27c404-5479-4b9a-85e0-ca414c14e2d4,Gallegos  Rhodes Enterprises Llc - Kent Ave Retail,1125 Kent Ave NW,ALBUQUERQUE,NM,87102,35.08797,-106.66037,93036.47,352565.8,445602.24,2023-02-02-093117
7e0a2ca8-f8d9-49e1-b890-d812a01d0912,Gh Llc,601 Paragon,ALBUQUERQUE,NM,87105,35.125806,-106.664999,320151.66,562624.6,882776.26,2023-02-02-093117
2bf3eef4-95cf-4590-a80e-46ab2ff439a0,Gh Llc,2621 Wyoming,ALBUQUERQUE,NM,87112,35.11584,-106.55129,245619.46,454329.8,699949.26,2023-02-02-093117
06d6d287-354f-402b-b7c7-7d5c10148303,Gnomad Llc-Broadway Retail,223 West Broadway Ste A,TATUM,NM,88267,33.25682,-103.31589,101076.86,468026.22,569103.08,2023-02-02-093117
01de83ba-7837-4b07-b518-435a1d12a2ce,Golden-Roots Llc - Old Coors Dr Retail,806 Old Coors Dr SW Ste D,ALBUQUERQUE,NM,87121,35.0714,-106.69911,176457.96,434190.62,610648.58,2023-02-02-093117
4c1436af-accb-4879-b795-680b54ae1ccd,Got Greens Llc - Corrales Rd Retail,10200 Corrales Rd NW Ste E-2,ALBUQUERQUE,NM,87114,35.20306,-106.64579,14626.1,6219.88,20845.98,2023-02-02-093117
195b7784-f633-45b1-adc2-6cfc39d6e9ee,Gradys - Retail,111 N Main,AZTEC,NM,87410,36.822063,-107.992899,58466.93,317432.98,375899.91,2023-02-02-093117
4b56afa3-6f72-41de-ae0c-ec0e2082b67a,Grandmas Pot Shop Llc - Peralta,2 Valencia Rd,PERALTA,NM,87042,34.81524,-106.69502,50175.23,123059.11,173234.34,2023-02-02-093117
06fae3a5-4e25-4b4c-aa46-3f627a35fdbf,Grassroots Grants Llc Dispensary Gallup,3400 East Hwy 66,GALLUP,NM,87301,35.50481,-108.83635,199212.49,553081.76,752294.25,2023-02-02-093117
227411ce-e017-4b49-8496-b59568245f00,Grassroots Rx Dispensary,1005 Mesa Blvd.,GRANTS,NM,87357,35.160449,-107.834061,166496.34,308942.77,475439.11,2023-02-02-093117
46d87041-3551-48e4-bf78-e0bdecaabd4e,Grassroots Rx Dispensary Albuquerque,3701 San Mateo Blvd. NE,ALBUQUERQUE,NM,87110,35.116409,-106.586451,54887.62,66006.62,120894.24,2023-02-02-093117
0a6d1622-2541-4de1-aab0-af57191b1346,Grassroots Rx Dispensary Albuquerque,3620 Bosque Plaza Lane NW,ALBUQUERQUE,NM,87120,35.158592,-106.678019,223288.52,291996.52,515285.04,2023-02-02-093117
4d1e5615-c8f0-470c-bbf6-a279edd5d6b0,Green Fuego/ Retail Mallard Way B,7502 Mallard Way B,SANTA FE,NM,87507,35.63553,-106.06538,29799.4,66680.56,96479.96,2023-02-02-093117
05209ba3-703c-41ac-9fa0-75b9145cd9a7,Green Minded Holdings Llc,2330 Sudderth Drive,RUIDOSO,NM,88345,33.33139,-105.6697,37953.0,394125.5,432078.5,2023-02-02-093117
bc041e9a-24d6-4ff8-aae5-95acb36b0310,Green Minded Holdings Llc,2330 Sudderth Dr,RUIDOSO,NM,88345,33.33139,-105.6697,7816.07,117750.5,125566.57,2023-02-02-093117
13f5cb8f-0e03-4a94-9d30-64ac4e903aaa,Green Minded Holdings Llc,6505 US Highway 380,CARRIZOZO,NM,88301,33.65033,-105.87703,10979.77,23696.78,34676.55,2023-02-02-093117
0fba077b-45e6-4881-bc6b-caf09424113d,Green Minded Holdings Llc,876 Highway 48,ALTO,NM,88312,35.978924,-105.308068,105697.2,480538.67,586235.87,2023-02-02-093117
0742f8ab-ac4d-4545-9a65-51e1694b6a3f,Green Remedy Enterprises Llc - Solano,590 S Solano,LAS CRUCES,NM,88001,32.30809,-106.76516,17037.39,63109.25,80146.64,2023-02-02-093117
a5ccb7d8-2416-44cb-9729-8fb5dd724f55,"Green Therapy Dispensary, Llc","460 County Line Drive, Space F",CHAPARRAL,NM,88081,32.03179,-106.37773,29925.97,260544.08,290470.05,2023-02-02-093117
1b3a65fc-35ed-4ebb-8e63-cd5a98d99ad5,Greengo Nm - Lohman Ave Retail,2000 E Lohman Ave Ste E,LAS CRUCES,NM,88001,32.31091,-106.75653,80208.65,321511.7,401720.35,2023-02-02-093117
0fd43d28-2512-4740-87fb-ce1ea7dae02a,Gurvitz White - Sudderth Retail,2809 Sudderth,RUIDOSO,NM,88345,33.33326,-105.67971,134.49,2359.51,2494.0,2023-02-02-093117
05103876-53bf-4c5e-8f06-af69406d357d,H2H Distribution Llc,2400 Juan Tabo Blvd NE Suite B,ALBUQUERQUE,NM,87112,35.084103,-106.650985,19999.92,66436.09,86436.01,2023-02-02-093117
2082fb7a-733d-4ad4-971e-eab47765d4d6,H2H Distribution Llc,300 San Mateo Blvd SE,ALBUQUERQUE,NM,87108,35.075751,-106.58633,145812.85,499691.47,645504.32,2023-02-02-093117
4ace671e-1320-4321-9fa0-ba523c566546,Happydaze Llc,5000 Jefferson St NE,ALBUQUERQUE,NM,87109,35.14014,-106.5928,89382.14,206915.1,296297.24,2023-02-02-093117
36dbdb00-1545-4342-be8e-33438353ca77,Harvest Foundation,150 South St. Francis Drive,SANTA FE,NM,87501,35.68804,-105.95452,280608.13,283593.72,564201.85,2023-02-02-093117
1fb7f6d5-e441-4d3e-8ee0-4e1e9109f776,Harvest Foundation - Sudderth Dr,925 Sudderth Dr,RUIDOSO,NM,88345,33.328558,-105.663388,65959.62,87539.11,153498.73,2023-02-02-093117
083362f0-6eaf-4292-bbb4-722fac9c40a4,Harvest Foundation Albuquerque Dispensary,"220 Copper Avenue NW, Suite 110, Unit 4",ALBUQUERQUE,NM,87102,35.086165,-106.65618,712859.83,489163.71,1202023.54,2023-02-02-093117
469f95cb-5791-440b-afd5-9f6c05d4a057,Hashtag Cannabis Llc - Retail,2460 Missouri Ave,LAS CRUCES,NM,88001,32.29827,-106.74309,179096.06,437978.36,617074.42,2023-02-02-093117
9b9796af-51f7-4c10-9926-de4321dae345,Healing Herbz/ Retail N Main St,2320 N Main St,CLOVIS,NM,88101,34.42204,-103.20562,17878.05,20651.38,38529.43,2023-02-02-093117
0f6890ff-deb0-4903-8582-cda51d372836,Healthy Education Society,2409 W. Pierce Street,CARLSBAD,NM,88220,32.439778,-104.255908,314589.94,218681.59,533271.53,2023-02-02-093117
0131e210-cafd-4dba-94de-91cf7c7a4a6a,Herrera Cannabis Company/ Retail Hwy 550,6404 Hwy 550,CUBA,NM,87013,36.019,-106.95994,22347.49,239573.65,261921.14,2023-02-02-093117
04dbe4ee-8c1a-4c71-bf6c-30d3d0dd34b6,Hes- Retail,3306 Central Ave SE,ALBUQUERQUE,NM,87106,35.080948,-106.617689,155566.77,700447.63,856014.4,2023-02-02-093117
075c90cd-36b7-49cd-8454-d1469fd2c41d,High Class/ Retail Agua Fria St Suite 10,2778 Agua Fria St Suite 5,SANTA FE,NM,87507,35.66483,-105.99294,41822.07,57232.4,99054.47,2023-02-02-093117
3069b304-024e-4ca5-8ebe-c826fe9a5256,High Desert Cannabis Llc/ Retail Rio Grande Blvd Nw Suite B,2400 Rio Grande Blvd NW Suite B,ALBUQUERQUE,NM,87104,35.11797,-106.67492,40858.38,198192.1,239050.47,2023-02-02-093117
38cdbaa0-bc08-46a3-8c7a-feabef9b0e01,High Desert Relief Dispensary,3320-A Coors Blvd NW,ALBUQUERQUE,NM,87120,35.106803,-106.704488,1922411.61,813553.81,2735965.42,2023-02-02-093117
16d65264-eaa4-4f83-af6b-285cf23d4f1f,High Desert Relief Dispensary,5041 Main Street,SANTA FE,NM,87507,35.436228,-106.12303,964005.7,743401.02,1707406.72,2023-02-02-093117
0da2347c-1e52-4f1a-bb23-c76c5d9265a3,High Desert Relief Dispensary,4840-H Pan American East Freeway,ALBUQUERQUE,NM,87109,35.13641,-106.60167,2467092.58,799454.3,3266546.88,2023-02-02-093117
7f250a18-db0b-4b72-8248-c36bcc1d658d,High Horse Investment Llc - Mcnutt Rd Retail,580 S. Valley Suite 300,LAS CRUCES,NM,88005,32.2913,-106.78413,221432.44,309044.39,530476.83,2023-02-02-093117
0c681b8c-11f5-41e9-a1fb-b4289e2187aa,High Horse Investment Llc- County Line Dr Retail,545 S County Line Dr Ste B,CHAPARRAL,NM,88081,32.03668,-106.37658,191385.7,649671.98,841057.68,2023-02-02-093117
14c8c567-9df0-4780-b6eb-ee0105a046a8,High Noon Cannabis Llc - Franklin St Retail,629 N Franklin St,HATCH,NM,87937,32.67187,-107.15405,21434.51,46745.38,68179.89,2023-02-02-093117
17328d3b-647a-47b8-ae8a-4f50e9db47f1,High Noon/ Retail W Aztec Blvd,2210 W Aztec Blvd,AZTEC,NM,87410,36.82493,-108.03061,3745.96,147990.26,151736.22,2023-02-02-093117
2ba6925a-95dc-4ace-aaca-861612d16b44,High Valley Cannabis Co Llc/ Retail Archangel Way,100 Archangel Way,CHAPARRAL,NM,88081,32.00219,-106.35541,2437.21,34288.94,36726.15,2023-02-02-093117
32891c71-74b2-4bf0-ae87-e274c0f4fbda,Honeybudz Llc - Main St Retail,9 Main St,CLAYTON,NM,88415,36.45164,-103.18504,12283.86,96509.58,108793.44,2023-02-02-093117
8d825d18-96ce-48d0-be2f-cd88991a6790,Honeybudz Llc - Main St Retail,422 Monroe St,CLAYTON,NM,88415,36.44927,-103.19143,3141.93,31609.57,34751.5,2023-02-02-093117
d442722c-771f-4017-9a0f-7a187e24817c,Hyderoponics Indoor Garden Center/ Retail West Hill Suite A,118 East High Street,GRANTS,NM,87020,35.15112,-107.84809,528.0,969.2,1497.2,2023-02-02-093117
023f05d0-c233-4a9a-aeac-3f18ec81f08b,"Icanna Llc - N Valley Dr, Lc",505 N Valley Dr,LAS CRUCES,NM,88005,32.309658,-106.796248,42473.39,316345.88,358819.27,2023-02-02-093117
871033b0-07d5-44fb-8351-f68c7e4ea2a4,K Payne Relief/ Retail Missouri Avenue,2505 Missouri Avenue,LAS CRUCES,NM,88011,32.29921,-106.74149,449.0,400.0,849.0,2023-02-02-093117
0e81da53-2aa0-4fe0-bb19-f71b6ae9193e,Keyway - Dispensary -Open,24 Bisbee Ct.,SANTA FE,NM,87508,35.596836,-106.041777,431275.49,426024.08,857299.57,2023-02-02-093117
0bf14cbf-06d9-411c-9350-ba802e054c84,Keyway Albuquerque Dispensary,"9880 Montgomery Blvd. NE, Ste. C",ALBUQUERQUE,NM,87111,35.13017,-106.53117,273861.1,176574.61,450435.71,2023-02-02-093117
002bb00d-a902-46c7-8e48-57ec3ad4e502,Keyway Albuquerque Dispensary,"5659 Jefferson Street NE, Suite A",ALBUQUERQUE,NM,87109,35.142281,-106.595766,439754.83,327974.33,767729.16,2023-02-02-093117
b43eb0d9-cb4a-48a2-a3ac-cf7b11682080,Keyway Inc/ Retail South First Street,603 South First Street,CLAYTON,NM,88451,36.44623,-103.18059,12055.07,85244.16,97299.23,2023-02-02-093117
0715be2e-ebf8-4002-9569-101df1046905,Keyway- Retail,1592 San Mateo Lane,SANTA FE,NM,87505,35.66448,-105.96186,220424.55,165545.16,385969.71,2023-02-02-093117
42e0f9b9-292b-4fd4-98e9-66fdc3a15bf0,"Kijani Corp - Wyoming Blvd, Abq",343 Wyoming Blvd NE,ALBUQUERQUE,NM,87123,35.07974,-106.55069,54376.52,138633.86,193010.38,2023-02-02-093117
2ba4e0b2-0845-4f73-87d6-b15c94174b33,Kindlife Kirtland Llc/ Retail Highway 64,4354 Highway 64,KIRTLAND,NM,87417,36.7356,-108.33059,15986.22,189324.49,205310.71,2023-02-02-093117
297d1eb0-3a7c-4d9f-b747-30a89e8c0d60,Kine Llc - Durazno St Retail,100 Durazno St,TULAROSA,NM,88352,33.07614,-106.01649,10.0,0.0,10.0,2023-02-02-093117
dba82ba2-d6b9-4692-b3f7-184b1042cb02,Kite Llc/  Retail 2Nd Street Nw,5926 2nd Street NW,ALBUQUERQUE,NM,87107,35.14266,-106.63437,2616.6,5233.25,7849.85,2023-02-02-093117
25e34ef9-db5d-4c4d-8de3-0db8a49587cc,"Kure, Inc.",628 Old Las Vegas Hwy,SANTA FE,NM,87508,35.548967,-105.826664,94724.0,122000.5,216724.5,2023-02-02-093117
08408912-c2fa-4a22-8b35-83d70615386f,"Kure, Inc. - Dispensary",220 N. Guadalupe Street,SANTA FE,NM,87507,35.68968,-105.94422,378886.35,707757.44,1086643.79,2023-02-02-093117
3c7440c5-650b-4b25-8890-ab97fd09914d,"Kure, Inc. Dispensary Santa Fe Second Location",2891 Cooks Road,SANTA FE,NM,87507,35.662744,-105.993306,2104.0,0.0,2104.0,2023-02-02-093117
48d67c6c-9edd-4b5d-9ad9-87ae3a96219a,"Kushology 101 Llc - Ohara Rd, Retail",1600 E OHara Rd,ANTHONY,NM,88021,32.02397,-106.59576,64611.1,598062.64,662673.73,2023-02-02-093117
2947dcd9-db04-41b7-adf3-070601507867,Kustom Kush Llc - Central Retail,7401 Central NE,ALBUQUERQUE,NM,87108,35.0757,-106.56504,5909.6,13681.9,19591.5,2023-02-02-093117
58cd5bde-0c58-462b-a545-d4e3871dbf36,La Flor Dispensary/ Retail Central Ave Se,1301 San Mateo Blvd NE,ALBUQUERQUE,NM,87110,35.09012,-106.58666,3880.8,10725.32,14606.12,2023-02-02-093117
1ba893a7-41fd-48bf-ac9c-0718469fe0af,La Luz Organics Llc - Camino Del Pueblo Retail,961 S Camino Del Pueblo,BERNALILLO,NM,87004,35.30172,-106.55073,20335.92,90287.99,110623.91,2023-02-02-093117
129fe499-b2cd-4dc1-8df8-68c453419a53,Laggray Llc,3023 S First St,TUCUMCARI,NM,88401,35.16668,-103.738115,94490.1,867001.12,961491.22,2023-02-02-093117
3601f43a-f74e-4ab7-84ac-8cbf3ca59e62,Laughing Leaf Dispensary- St Francis Retail,900 St Francis Dr,TULAROSA,NM,88352,33.07525,-106.01889,13919.81,35303.03,49222.84,2023-02-02-093117
72fbad28-181f-425e-9b94-660e5b025b7f,Leaf And Flower Llc,1400 Main St SW,LOS LUNAS,NM,87031,34.81489,-106.74996,48378.84,58481.5,106860.34,2023-02-02-093117
432c097c-01ff-476d-9268-f313f71e4411,Leaf And Flower Llc,6614 Gulton CT NE,ALBUQUERQUE,NM,87109,35.15341,-106.59908,35383.06,26208.91,61591.97,2023-02-02-093117
686a4470-e885-4ddb-9cd3-b8f40284baf5,Leaf And Flower Llc,1634 Alameda Blvd NW,ALBUQUERQUE,NM,87114,35.20161,-106.6469,752.38,3003.1,3755.48,2023-02-02-093117
00296690-b51d-450a-b3c0-cbda33f9ecca,Leaf And Flower Llc,5910 Gibson Blvd SE,ALBUQUERQUE,NM,87108,35.05808,-106.5767,97645.23,142249.32,239894.55,2023-02-02-093117
1d68881a-eb12-4ff7-b57f-74de5b3c8606,Leaf And Flower Llc,6015 4th St NW,ALBUQUERQUE,NM,87107,35.13857,-106.641295,246617.54,463888.51,710506.05,2023-02-02-093117
357b1d4b-e6de-4f9a-acdb-a41cd2378358,Leaf And Flower Llc,10601 Central Ave NE,ALBUQUERQUE,NM,87123,35.07178,-106.5296,186717.46,369988.34,556705.8,2023-02-02-093117
934cc108-86b9-4bb8-8747-d938163fd5ef,Leaf And Flower Llc,30 Frontage Road,PLACITAS,NM,87043,35.318531,-106.530393,17903.63,15397.34,33300.97,2023-02-02-093117
0aef807a-3583-49b9-9d52-bd9c029502c3,Leaf And Flower Llc,11719 Menaul Blvd NE,ALBUQUERQUE,NM,87112,35.10907,-106.51008,29806.3,39255.18,69061.48,2023-02-02-093117
0f88b7b4-e2f8-4f9c-8177-238971a9e5e5,Leaf And Flower Llc,802 Early St,SANTA FE,NM,87505,35.67799,-105.95252,29382.74,33955.55,63338.29,2023-02-02-093117
229c77fe-7f53-4608-85fb-7fa820753360,Leaf Republic - Hwy 314 Nw Retail,127 Hwy 314 NW,LOS LUNAS,NM,87031,34.80792,-106.736,18.9,75712.66,75731.56,2023-02-02-093117
218e766e-76a3-43d6-8570-88b3cb5e19d9,Loves Cannabis,1220 Eubank Blvd NE Ste B,ALBUQUERQUE,NM,87112,35.121251,-106.533379,121703.64,357987.62,479691.26,2023-02-02-093117
03045fd1-5f5a-4793-9aff-771ddf3b99f4,Ltdm Llc - Isleta Blvd Retail,468 Isleta Blvd SW,ALBUQUERQUE,NM,87105,35.06194,-106.66743,107524.42,240517.89,348042.31,2023-02-02-093117
79fdcbb6-916f-454f-885e-e50dabdf3dd6,M Thomas Llc - Main St Retail,2215A S Main St,LAS CRUCES,NM,88005,32.2859,-106.77286,8955.5,18016.0,26971.5,2023-02-02-093117
333bdcfa-f98e-4a27-80cb-227772af17d2,M.R.R.S. Llc - San Mateo Retail,2130 San Mateo Blvd NE Ste B,ALBUQUERQUE,NM,87110,35.10119,-106.58605,25179.65,75847.58,101027.23,2023-02-02-093117
241d8970-7039-4b97-8108-4a73bc457111,"Madrid Cannabis, Inc - Railyard Ln, Retail",8 Railyard Ln,MADRID,NM,87010,35.40579,-106.15185,28583.95,120475.02,149058.97,2023-02-02-093117
1fbdc04e-b5d7-4e4a-b32b-fb25209d3170,Marcos Antonio Pagan Cartigiano - San Pedro - Retail,301 San Pedro NE,ALBUQUERQUE,NM,87108,35.0809,-106.57774,765.05,38619.53,39384.58,2023-02-02-093117
13ef0f95-5034-417d-9bc9-5532e12c88c8,Masbuds Llc - Wyatt Dr Retail,142 Wyatt Dr,LAS CRUCES,NM,88005,32.299626,-106.775955,28423.47,55608.17,84031.64,2023-02-02-093117
0486ab2c-c20c-4ce3-be30-6e6c0bb84d29,May Flower - 5Th St Retail,301 S 5th St,ESTANCIA,NM,87016,34.761763,-106.05543,47896.42,143135.14,191031.56,2023-02-02-093117
028f24e0-e818-4ac3-8aa1-a43bbff74320,Mcgfarms Llc/ Retail Calle De Dan Albino,2309 Calle de Albino Suite 3,MESILLA,NM,88046,32.27504,-106.79486,3244.56,19400.53,22645.09,2023-02-02-093117
9a4b3f18-b7e6-45fc-bdcc-9a78fea2d9b8,Mellow Harvest Dispensary Llc/ Retail N Canal St,117 S Canyon St,CARLSBAD,NM,88220,32.41963,-104.22783,130264.71,337284.34,467549.05,2023-02-02-093117
51f717fb-9a65-4f25-8e68-ee2296e5a0f5,Mellow Harvest Dispensary Llc/ Retail N Canal St,117 N Canal St,CARLSBAD,NM,88220,32.427428,-104.228973,60877.08,126442.33,187319.41,2023-02-02-093117
01366531-dcd8-403a-a0d9-d8b6c030f512,Mercan Dreams Llc - Camino Del Pueblo Retail,872 Camino Del Pueblo,BERNALILLO,NM,87004,35.30283,-106.5496,171.0,71957.93,72128.93,2023-02-02-093117
00dc88ba-e3bb-40b1-9d90-3590456f2d77,Mercan Dreams Llc- Berna Retail,965 US-550 Ste B,BERNALILLO,NM,87004,35.32449,-106.56359,0.0,97757.66,97757.66,2023-02-02-093117
1cb55a2f-4acf-4cd7-b78d-971e75369b71,Minerva Canna Group Dispensary - Albuquerque,5800 Gibson SE,ALBUQUERQUE,NM,87106,35.059009,-106.633823,488173.31,621005.69,1109179.0,2023-02-02-093117
33a98320-0f17-4b4c-a519-602e1aafe9d2,Minerva Canna Group Dispensary - Los Lunas,336 Main Street,LOS LUNAS,NM,87031,34.804828,-106.705262,659345.6,482239.92,1141585.52,2023-02-02-093117
3ee9a323-f751-4fb3-a640-df4c793cf479,Minerva Canna Group Dispensary- Alameda,3410 Hwy 528 NW Suite 105,ALBUQUERQUE,NM,87114,35.084103,-106.650985,464217.7,371695.24,835912.94,2023-02-02-093117
2866557e-6814-48f4-a947-d8a0ba56d413,Minerva Canna Group Dispensary- Las Vegas,503 6th Street,LAS VEGAS,NM,87701,35.599036,-105.217728,356699.92,288775.61,645475.53,2023-02-02-093117
005c8bb9-748f-4a89-add9-e3076d96da06,Minerva Canna Group Dispensary- Santa Fe/ Consumption,1710 Cerrillos Road,SANTA FE,NM,87507,35.666544,-105.969869,488789.52,667503.39,1156292.91,2023-02-02-093117
0459a402-410f-48b7-9914-c21a608ca6c1,Minerva Canna Group Dispensary-Bernalillo,113 W. Hwy 550,BERNALILLO,NM,87004,35.31872,-106.54613,499264.68,636498.75,1135763.43,2023-02-02-093117
147f4d2c-1059-4da7-9f34-425c2e10cd26,Minerva Retail,125 E. Water St,SANTA FE,NM,87501,35.68644,-105.9389,124145.82,608960.7,733106.52,2023-02-02-093117
0d66e3f5-bfda-4e55-9d84-31ec65fbd5d3,Mj Alta Vida Products Llc - San Mateo Retail,3094 San Mateo Blvd NE Ste 3100B,ALBUQUERQUE,NM,87110,35.084103,-106.650985,56106.69,118755.21,174861.9,2023-02-02-093117
029a1583-7d77-4278-a53f-9ca14f4c9164,Mj Express-O,203 S. Foch Street,TRUTH OR CONSEQUENCES,NM,87901,33.126323,-107.254215,852359.19,495026.1,1347385.29,2023-02-02-093117
26468d77-3776-41d9-aca9-25d171f37419,Mj Express-O,755 S Telshor Blvd.. Bldg A,LAS CRUCES,NM,88011,32.31132,-106.74093,2115348.88,2176963.97,4292312.85,2023-02-02-093117
180fd4f0-2608-4738-9087-429a60261b74,Mj Express-O Albuquerque,"417 Tramway Blvd. NE, Suite 2",ALBUQUERQUE,NM,87123,35.086878,-106.497335,1538652.39,1891490.43,3430142.82,2023-02-02-093117
006a8339-6464-4eb2-b62c-9ba43fb471be,Modern Medz Pharm/ Retail Bosque Farms Blvd,1495 Bosque Farms Blvd,BOSQUE FARMS,NM,87068,34.860946,-106.690717,8608.07,16118.73,24726.8,2023-02-02-093117
1915ba38-dad6-4845-91c9-aaf0bf2ecfeb,Monster House Smoke Llc/ Retail N Solano Dr,301 N Solano Dr,LAS CRUCES,NM,88001,32.314959,-106.766892,74394.24,162790.72,237184.96,2023-02-02-093117
02c3f916-fbd0-47e4-ac65-fe93a344efc4,Mothers Meds Llc/ Retail E Main St Suite 105,5100 E Main St Suite 105,FARMINGTON,NM,87402,36.76879,-108.1454,9986.85,27400.69,37387.54,2023-02-02-093117
1566c073-5404-41e1-af9c-814f77ff2c12,Mountain High Express,2381 Frontage Rd,CHAMA,NM,87520,34.09373,-106.89839,11703.75,92036.76,103740.51,2023-02-02-093117
1f5b78f1-d87f-43ea-a73d-5fc5051372f2,Munchiez Cannabis Llc - Sudderth Dr Retail,1715 Sudderth Dr,RUIDOSO,NM,88345,33.328558,-105.663388,279548.58,1078318.47,1357867.05,2023-02-02-093117
086ba845-0a96-4a3a-99f7-824538650e15,Natural Rx,3414 State Hwy 47,LOS LUNAS,NM,87031,34.802146,-106.701674,220159.31,123344.58,343503.89,2023-02-02-093117
01644bbb-4ec7-4dd5-b0bd-f4c006dca553,Natural Rx,8612 PASEO ALAMEDA SUITE E,ALBUQUERQUE,NM,87113,35.084103,-106.650985,87409.79,79946.57,167356.36,2023-02-02-093117
2599f18c-ad15-4d46-8762-e03ae563d3f2,Natural Rx,4320 Lead Avenue SE,ALBUQUERQUE,NM,87108,35.07554,-106.59678,507548.71,655664.35,1163213.06,2023-02-02-093117
3749a3fc-478b-43c2-a4e2-a6ec7679408c,Natural Rx,508 Hwy. 85,SOCORRO,NM,87801,34.057277,-106.893017,423954.4,353216.43,777170.83,2023-02-02-093117
15215b28-52b7-4bd8-8e08-b6aba0e577b4,Natural Rx Dispensary,2220 Grande Blvd. Suite C,RIO RANCHO,NM,87124,35.233375,-106.664472,429553.19,331566.82,761120.01,2023-02-02-093117
141a6dc9-5aca-4f62-9b49-d382f3900628,Natures Secret Cannabis - 4Th St Retail,2523 4th St NW,ALBUQUERQUE,NM,87102,35.091249,-106.650342,527234.96,1371538.81,1898773.77,2023-02-02-093117
27746897-dc92-4e25-82ef-681017dfbc2c,Natures Solution -,1220 E Mabry Dr,CLOVIS,NM,88101,34.3984,-103.19055,11305.14,52043.68,63348.83,2023-02-02-093117
95656ddd-7356-4091-8ba9-4c5d16f2cabd,New Air Llc,105 E Paseo de Onate,ESPANOLA,NM,87532,35.99138,-106.06968,0.0,30.0,30.0,2023-02-02-093117
59a1165b-1d09-46ff-b81a-d6ba4b60bd20,New Heights Dispensary Inc/ Retail Chama St Ne Ste B,516 Chama St NE Ste B,ALBUQUERQUE,NM,87108,35.08425,-106.56604,6732.32,36961.17,43693.49,2023-02-02-093117
5a5654da-02ff-477b-93ce-1e0df968ae9e,New Horizon Ventures Llc/ Retail Osuna Rd Ne,6001 Osuna Rd Ne,ALBUQUERQUE,NM,87109,35.14525,-106.58146,0.0,3204.75,3204.75,2023-02-02-093117
073e4e30-5b65-45a0-a757-1c1979cb4a88,New Mexico Alternative Care,534 East Broadway,FARMINGTON,NM,87401,36.719687,-108.182395,398375.33,836691.37,1235066.7,2023-02-02-093117
05901b2f-eac3-4eea-be04-220072e3b3f3,New Mexico Drip Llc - Central Ave Retail,9012 Central Ave SE,ALBUQUERQUE,NM,87123,35.07315,-106.54678,6762.16,17220.65,23982.81,2023-02-02-093117
1ba4c428-22b5-4490-a54c-4b0de5adc05d,New Mexico Top Organics  Coors,5115 Coors Blvd. NW,ALBUQUERQUE,NM,87120,35.1451,-106.69436,377435.36,272329.33,649764.69,2023-02-02-093117
0ec08530-0cca-47b7-b2dc-f2756098e191,New Mexico Top Organics Ultra Health Inc,"1155 McNutt, Building B",SUNLAND PARK,NM,88063,31.79427,-106.55807,162126.72,697836.72,859963.44,2023-02-02-093117
445a69ea-1b86-4b3c-9408-8c7abb62df24,New Mexico Top Organics Ultra Health Inc,"4 George Court Suites B, C, D",EDGEWOOD,NM,87015,35.061436,-106.191414,389581.49,644677.12,1034258.61,2023-02-02-093117
06dcc4c9-8811-4607-97de-30a5c7e4f137,New Mexico Top Organics Ultra Health Inc,1965 Bataan Memorial,LAS CRUCES,NM,88012,32.351383,-106.76682,400459.78,333995.02,734454.8,2023-02-02-093117
2bc447a2-e78e-4c70-a583-37fb32dc6c2a,New Mexico Top Organics Ultra Health Inc,824 E Route 66,TUCUMCARI,NM,88401,35.165084,-103.75884,217386.8,185323.31,402710.11,2023-02-02-093117
49bcde91-547e-4bcb-9cdc-be89754f9ed1,New Mexico Top Organics Ultra Health Inc,745 Highway 64,EAGLE NEST,NM,87718,36.55253,-105.25568,48462.42,323936.95,372399.37,2023-02-02-093117
13dc8e02-f4a4-4ec4-b720-f5cd8e91875c,Nm Altitude Retail, 1100 State Highway 528 Ne Suite A,RIO RANCHO,NM,87144,35.233375,-106.664472,176377.96,427693.07,604071.03,2023-02-02-093117
0cc47d8e-a57f-42e2-a236-054691941566,Nm Altitude Retail,1100 State Highway 528 Ne Suite A,RIO RANCHO,NM,87144,35.233375,-106.664472,260049.33,600674.34,860723.67,2023-02-02-093117
19e9ce7b-2736-4326-8cc8-9c2b68721553,Nm Green Door Llc/ Retail E Brazos,815 E Brazos,PORTALES,NM,88130,34.19042,-103.33015,29430.0,21793.0,51223.0,2023-02-02-093117
062d1086-85b2-427f-ad11-3e2d3ad512f6,Nmto- Ultra Health Clovis Dispensary,1512 N. Prince,CLOVIS,NM,88101,34.393582,-103.196566,872608.36,785368.41,1657976.77,2023-02-02-093117
069ad20a-c5eb-478a-bccb-fadd517f4337,Nmto- Ultra Health Los Lunas Dispensary,5A Thomas Road,LOS LUNAS,NM,87031,34.814209,-106.761307,516297.6,299671.98,815969.58,2023-02-02-093117
2546ad56-1042-464f-9af3-a8689549aa3e,Nmto- Ultra Health Sunland Park Dispensary,1155 McNutt Road,SUNLAND PARK,NM,88063,31.80968,-106.590955,696459.5,5744758.33,6441217.83,2023-02-02-093117
2255a227-cac9-4922-9c1a-01c0e4f35cae,Nmto- Ultra Healthalamogordo Dispensary,601 N White Sands Blvd,ALAMOGORDO,NM,88310,32.901511,-105.960298,1298353.75,810385.17,2108738.92,2023-02-02-093117
3d2fcbf9-50f4-4287-a8a7-334b0541423b,Nmto-Ultra Health,3211 N Dal Paso,HOBBS,NM,88240,32.733511,-103.12758,905470.68,2608824.38,3514295.06,2023-02-02-093117
0df2a7bd-e2a3-4df8-b2e2-0f03c80e1756,Nmto-Ultra Health,"3851 Southern Blvd., SE",RIO RANCHO,NM,87124,35.241546,-106.670425,744993.8,738402.91,1483396.71,2023-02-02-093117
05eef9d4-8f0f-49ad-8b87-729f3ba12f8d,Nmto-Ultra Health,3213 Central Ave. NE,ALBUQUERQUE,NM,87106,35.081436,-106.626727,309919.62,408501.98,718421.6,2023-02-02-093117
2615c4d9-4e16-429d-95b3-4d81394a9d7e,Nmto-Ultra Health,7401 Menaul Blvd. NE,ALBUQUERQUE,NM,87110,35.108845,-106.531508,511053.34,360831.42,871884.76,2023-02-02-093117
052cf6b3-4996-4e22-bbed-f7f54024e03e,Nmto-Ultra Health,"100 Coors Blvd., NW",ALBUQUERQUE,NM,87120,35.08052,-106.70997,598295.61,735965.98,1334261.59,2023-02-02-093117
2173935d-6c53-4687-b757-ecc50e5b8a41,Nmto-Ultra Health,1907 St. Michaels Drive,SANTA FE,NM,87505,35.65991,-105.96898,397888.42,374448.66,772337.08,2023-02-02-093117
0cea6144-432f-418d-ab1a-662f00603e3c,Nmto-Ultra Health,524 S. 1st St.,CLAYTON,NM,88415,36.44662,-103.1815,95320.3,381382.15,476702.45,2023-02-02-093117
02a6e741-26f9-4b35-ba50-e70adc885262,Nmto-Ultra Health,255 Camino Don Tomas,BERNALILLO,NM,87004,35.31752,-106.5534,465988.81,428483.15,894471.96,2023-02-02-093117
2d71bccc-a89a-4eae-b545-c7edc027c387,Nmto-Ultra Health,"201 San Pedro, SE, Ste C",ALBUQUERQUE,NM,87108,35.07503,-106.57825,435919.09,381206.4,817125.49,2023-02-02-093117
2d9b5c46-d7e0-4ef8-838f-f69981e4411d,Nmto-Ultra Health 4Th Street Dispensary,5700 4th Street NW,ALBUQUERQUE,NM,87109,35.134968,-106.641969,346973.48,363725.33,710698.81,2023-02-02-093117
0482abd4-127f-411b-9d27-a500945e96a2,Nmto-Ultra Health Espanola Dispensary,811 A. North Riverside Drive,ESPANOLA,NM,87532,36.023218,-106.06371,659412.08,582884.82,1242296.9,2023-02-02-093117
0e2f6082-73ce-4787-90f7-fb05b75b78d1,Nmto-Ultra Health Farmington Dispensary,"4251 E. Main Street, Ste.s DE",FARMINGTON,NM,87402,36.774322,-108.133162,268625.06,581212.46,849837.52,2023-02-02-093117
06e04d2b-481e-4ff6-8b72-c610a2f39255,Nmto-Ultra Health Gallup Dispensary,200 W. Coal Ave,GALLUP,NM,87301,35.523346,-108.756814,378001.79,1611158.77,1989160.56,2023-02-02-093117
22568092-7a59-4004-8b23-b52f46640fbc,Nmto-Ultra Health Las Cruces Dispensary,"1600 South Valley Drive, Suite D",LAS CRUCES,NM,88005,32.29048,-106.78447,1342600.97,1224419.31,2567020.28,2023-02-02-093117
2ea45361-35c6-4f7d-a351-6ae9c2aa6a5f,Nmto-Ultra Health Las Vegas Dispensary,252/254 Mills Ave.,LAS VEGAS,NM,87701,35.605472,-105.22287,232962.48,251765.07,484727.55,2023-02-02-093117
2b17815d-3fdf-44ae-b2ef-023b8bd2023d,Nmto-Ultra Health Roswell Dispensary,"2800 N. Main Street, Suite 4",ROSWELL,NM,88201,33.42811,-104.52366,551327.14,363072.19,914399.33,2023-02-02-093117
25b9c407-418e-49dc-8658-c8b7e6aed31f,Nmto-Ultra Health Santa Fe Dispensary,3875 Cerrillos Rd,SANTA FE,NM,87507,35.620423,-106.028899,186827.86,131291.06,318118.92,2023-02-02-093117
15842d7d-3bf3-4f26-9ccb-800239b4f0af,Nmto-Ultra Health Silver City Dispensary,2320 Highway 180 East,SILVER CITY,NM,88061,32.78734,-108.25122,1195592.66,812753.33,2008345.99,2023-02-02-093117
0c875b50-a557-428e-abfa-a3b8c6b795f6,Northstar Investments Llc/ Retail Rinconada Blvd,3330 Rinconada Blvd,LAS CRUCES,NM,88011,32.36239,-106.74619,4314.1,11615.84,15929.94,2023-02-02-093117
147f1038-a3d4-473a-a9b2-77bdcc26cf34,Occ Abq Llc,2925 Juan Tabo Blvd NE,ALBUQUERQUE,NM,87112,35.11593,-106.51609,535547.14,925909.97,1461457.11,2023-02-02-093117
05494230-8f02-4825-bbee-a03a014bfe91,Occ Abq Llc,6311 Lomas Blvd NE,ALBUQUERQUE,NM,87111,35.08762,-106.57673,203528.0,280359.7,483887.7,2023-02-02-093117
59e22e85-6443-4d82-b640-2ddc2ed4ab7d,Occ Abq Llc,426 E Main St,FARMINGTON,NM,87401,36.72942,-108.20071,127584.0,579730.9,707314.9,2023-02-02-093117
7ac15fb5-3c0f-49e7-8366-b335c51a2109,Occ Abq Llc - Menaul Blvd Retail,3500 Menaul Blvd NE Ste 6,ALBUQUERQUE,NM,87107,35.10891,-106.60486,6917.0,12482.0,19399.0,2023-02-02-093117
e060edef-164d-4183-b927-cda27ec18bfc,Occ Abq Llc- Manufacturer,315 San Pedro NE Suite C,ALBUQUERQUE,NM,87108,35.08146,-106.57773,46.0,0.0,46.0,2023-02-02-093117
0a0883d3-4bfb-47ef-8467-14901ee0a961,Onestopsmokeshopvaper@Accessories - San Pedro Retail,1713 San Pedro Dr NE,ALBUQUERQUE,NM,87110,35.10918,-106.577475,7434.0,26454.0,33888.0,2023-02-02-093117
0b7ac33f-52d2-42e7-b842-8ed140f5f077,Organ Mountain Organix Llc - El Paseo Rd Retail,1300 El Paseo Rd Ste 1,LAS CRUCES,NM,88001,32.296563,-106.772954,78189.61,293934.42,372124.03,2023-02-02-093117
38c7c626-6d6f-4e00-b006-17c867bca151,Organ Mountain Wellness Llc - Retail,1590 E Lohman Ave,LAS CRUCES,NM,88001,32.308852,-106.764603,394738.69,1318121.25,1712859.94,2023-02-02-093117
129ecaf5-502b-48b7-95ed-2e0073d28273,Organtica,1001 N. Pope Street,SILVER CITY,NM,88061,32.777642,-108.275913,584733.2,575160.97,1159894.17,2023-02-02-093117
358450d3-0aa2-4d68-8826-e99771bbbd1b,Organtica,1912 N. Date Street,TRUTH OR CONSEQUENCES,NM,87901,33.14949,-107.24652,347322.2,332417.5,679739.7,2023-02-02-093117
0912460b-ecb1-437d-aedb-54ba2c4f0437,Organtica,4001 Menaul Avenue NE,ALBUQUERQUE,NM,87110,35.10947,-106.59901,569461.22,542782.83,1112244.05,2023-02-02-093117
06d557e6-9fa2-4423-9915-6d18758502e4,Organtica- Retail,3900 Central AV SW,ALBUQUERQUE,NM,87102,35.08668,-106.68291,163403.02,376749.69,540152.71,2023-02-02-093117
0c5134b6-5baf-4e24-9634-90f99d5e3efb,Outlaw Herbs - Ft Sumner Retail,731 4th St,FORT SUMNER,NM,88119,34.476704,-104.245412,32271.76,82343.26,114615.02,2023-02-02-093117
0094073b-6643-4d20-b7df-730514294d5a,Pajarito Healing Herb Llc/ Retail Isleta Blvd Sw,6016 Isleta Blvd SW,ALBUQUERQUE,NM,87105,34.98978,-106.69541,30181.85,82515.45,112697.3,2023-02-02-093117
32297a9f-27a7-46a3-9839-360425ef6b24,Paradise Distro Llc,4615 Menaul Blvd NE Ste A,ALBUQUERQUE,NM,87110,35.10955,-106.59206,0.0,10344.23,10344.23,2023-02-02-093117
2c6fe94a-7171-4d81-8431-c5c4ca66e48d,"Pecos Oasis, Llc- Retail",221 South Canyon Street,CARLSBAD,NM,88220,32.41819,-104.22785,64448.11,363759.14,428207.25,2023-02-02-093117
2d1b352a-7b92-4505-aef5-c449c03552bf,"Pecos Oasis, Llc- Retail", 221 South Canyon Street,CARLSBAD,NM,88220,32.419142,-104.227722,34737.54,162047.86,196785.4,2023-02-02-093117
0f774782-c902-435d-98df-cbd2058d3f61,Pecos Valley - Dispensary,313 W. Country Club,ROSWELL,NM,88201,33.42417,-104.52705,1148712.78,1167290.75,2316003.53,2023-02-02-093117
16111ded-9e67-4351-affb-7a6806740973,Pecos Valley - Dispensary,2460 Locust Street,LAS CRUCES,NM,88001,32.299545,-106.755778,729398.57,804271.46,1533670.03,2023-02-02-093117
2be9f9c8-02d8-47c0-bf25-a9a6cd159a07,Pecos Valley - Production,300 N White Sands Blvd.,ALAMOGORDO,NM,88310,32.901511,-105.960298,890357.09,528463.3,1418820.39,2023-02-02-093117
0d80bc34-7ebb-4f14-8d93-99386ad34247,Pecos Valley - Production,4000 East Hobson Rd.,ROSWELL,NM,88203,33.31949,-104.39468,1080.0,0.0,1080.0,2023-02-02-093117
21d0283e-0ea0-43fe-860c-df8d523bf148,Pecos Valley - Production,"3050 Roadrunner Parkway, Ste A2",LAS CRUCES,NM,88011,32.336029,-106.750329,871873.8,894497.23,1766371.03,2023-02-02-093117
106cf65e-4706-48c6-93b1-7d7800920e66,Pecos Valley Dispensary-Clovis,5021 N. Prince,CLOVIS,NM,88101,34.393582,-103.196566,645724.66,851980.86,1497705.52,2023-02-02-093117
312660cb-6854-4d32-83e2-bc2028c0b197,Pecos Valley Pharmaceuticals,810 W. Mermod St.,CARLSBAD,NM,88220,32.420402,-104.236143,851199.35,864614.67,1715814.02,2023-02-02-093117
15508d6f-03fa-4e32-a4d8-b1c814aad98e,Pecos Valley Pharmaceuticals,251 98th St,ALBUQUERQUE,NM,87121,35.07657,-106.74469,413565.51,1045043.87,1458609.38,2023-02-02-093117
03ea5f52-24d6-43a2-ac72-422f8e2e2256,Pecos Valley Pharmaceuticals - Sunland Park,1925 Appaloosa Dr,SUNLAND PARK,NM,88063,31.820033,-106.590547,707585.87,3780453.61,4488039.48,2023-02-02-093117
01e73c62-4e0f-4ad8-9cfe-864c96984420,Pecos Valley Pharmaceuticals- 1St Retail,501 S. 1st  St,ARTESIA,NM,88210,32.83789,-104.39694,252427.88,478619.33,731047.21,2023-02-02-093117
2078b8ba-7a44-41c4-9a15-c2785edf2328,Pecos Valley Pharmaceuticals- Retail Navajo,310 W Navajo Dr,HOBBS,NM,88240,32.740209,-103.140955,446604.41,1045982.95,1492587.36,2023-02-02-093117
1b18b39b-1cf9-4178-84a5-7be52f3d3ff8,Pecos Valley Production Dispensary,215 E 2nd Street,PORTALES,NM,88130,34.18708,-103.33508,676546.8,434008.57,1110555.37,2023-02-02-093117
0e065e1d-efe5-4219-8fb2-ff9d6d9feecc,Pecos Valley Production Dispensary,311 W. Broadway Street,HOBBS,NM,88240,32.700817,-103.142412,1041327.37,3225454.31,4266781.68,2023-02-02-093117
0dc6af1a-cf8c-4b52-828a-ebb0eb45ed88,Pecos Valley Retail,1942 Old 66 HWY,EDGEWOOD,NM,87105,35.061436,-106.191414,522147.63,746167.15,1268314.78,2023-02-02-093117
9fe7940f-e91e-4706-8cb1-0214ab8de023,Pecos Valley- Dispensary,5200 Eubank Blvd NE Ste A2,ALBUQUERQUE,NM,87111,35.13796,-106.53162,119133.6,170078.99,289212.59,2023-02-02-093117
077af4a2-d226-4c9e-ac8d-fdc548645694,Pecos Valley- Dispensary,5200 Eubank Blvd NE,ALBUQUERQUE,NM,87111,35.154232,-106.524295,181691.55,264703.32,446394.87,2023-02-02-093117
02eb9372-221a-4964-8d49-821a82f3017b,Pecos Valley- Retail,300 Granada St,TULAROSA,NM,88352,33.073973,-106.018602,327840.31,320971.92,648812.23,2023-02-02-093117
19a5d4a1-7a97-47bf-885b-01b8913467f8,Pecos Valley-Dispensary,812 N. Canal Street,CARLSBAD,NM,88220,32.427428,-104.228973,371997.54,493919.54,865917.08,2023-02-02-093117
0cda526a-f0e6-4a77-95d3-a427a1fc30ec,Pecos Valley-Dispensary Ruidoso,1000 Sudderth Drive,RUIDOSO,NM,88345,33.328558,-105.663388,756479.43,991559.65,1748039.08,2023-02-02-093117
680a4479-45e5-41f6-92c3-d05ef8193c65,Pharmtrue Llc,227 S Main St,LAS CRUCES,NM,88001,32.30829,-106.77788,2589.3,1545.0,4134.3,2023-02-02-093117
269ba38f-20a1-4636-9b25-fca0b23dfa1e,Pueblo Of Pojoaque Wo Povi Cannabis,68 Cities of Gold Rd,SANTA FE,NM,87506,35.88349,-106.01439,155260.21,397309.1,552569.31,2023-02-02-093117
13818977-14de-4df8-a660-bcd76797ae0c,Puff On 66 Llc - Route 66 Retail,912 E Route 66 Blvd,TUCUMCARI,NM,88401,35.17166,-103.7157,51573.99,364374.11,415948.1,2023-02-02-093117
0a34cbdf-6ad6-4c43-88e2-614e4d63bc06,Pur Life Retail, 7001 Montgomery Blvd,ALBUQUERQUE,NM,87109,35.131252,-106.607363,408380.85,722148.36,1130529.21,2023-02-02-093117
1f2f655e-fbd7-4b4c-ac96-22ba88e1cca3,Pur Life Retail,7001 Montgomery Blvd,ALBUQUERQUE,NM,87109,35.13105,-106.56828,314506.02,596225.2,910731.22,2023-02-02-093117
11881ab3-62cd-41e7-aa79-ea18b903a890,"Purlife - Us-550 S, Bernalillo",501 US-550 S,BERNALILLO,NM,87004,35.321882,-106.556403,635386.33,1565377.99,2200764.32,2023-02-02-093117
476570e9-b92e-4ec1-b9e4-6d968d4890c8,Purlife Dispensary,3821-F Menaul Blvd. NE,ALBUQUERQUE,NM,87110,35.10946,-106.60152,1518537.18,2118823.57,3637360.75,2023-02-02-093117
10c5ed65-c4ae-4c85-8289-d1200a1e8f3f,Purlife Dispensary,123 N. White Sands Blvd,ALAMOGORDO,NM,88310,32.901511,-105.960298,2330901.16,2289638.71,4620539.87,2023-02-02-093117
1fe652c0-e7b8-472d-b692-17c1ac7f779a,Purlife Dispensary,1000 Golf Course Rd SE,RIO RANCHO,NM,87124,35.229916,-106.67708,1844837.61,2538488.99,4383326.6,2023-02-02-093117
07434052-3ce6-4e4f-8b0e-0e228aca280d,Purlife Dispensary,9800 Montgomery Blvd NE,ALBUQUERQUE,NM,87110,35.130738,-106.522295,1403440.76,1549690.86,2953131.62,2023-02-02-093117
0651577d-f43b-4dba-8328-3cc0a2481ec8,Purlife Dispensary - Clovis,4101 North Prince St,CLOVIS,NM,88101,34.4395,-103.19601,1026590.19,1530391.12,2556981.31,2023-02-02-093117
1b3472c4-d835-44f0-b7c5-fefbd55974ad,Purlife Dispensary Farmington,"3024 E. Main Street, Suite A.",FARMINGTON,NM,87042,36.774322,-108.133162,890611.14,678833.0,1569444.14,2023-02-02-093117
69dc1f2b-5fcc-4ed9-91e8-8d44cd8f8064,Purlife Retail, 301 N GRIMES ST,HOBBS,NM,88240,32.714508,-103.144847,367428.63,1356311.64,1723740.27,2023-02-02-093117
22d5a0be-ec1b-4f05-95b6-58e3aadfbf94,Purlife Retail,2011 Mountain Road NW,ALBUQUERQUE,NM,87104,35.09859,-106.66864,76868.02,121467.2,198335.22,2023-02-02-093117
5c8e2100-c7da-416f-b584-4acbe6a57539,Purlife Retail,325 S MAIN ST,ROSWELL,NM,88203,33.39005,-104.52232,54192.43,79691.71,133884.14,2023-02-02-093117
1048e512-9dc0-4953-b60c-9e4a79b50ab4,Purlife Retail,301 N GRIMES ST,HOBBS,NM,88240,32.70372,-103.14509,301629.11,1777636.83,2079265.94,2023-02-02-093117
4a68370a-16de-42f6-bfd0-b860baf4b439,Purlife/ Retail Cerrillos Rd Ste L,3140 Cerrillos Rd Ste L,SANTA FE,NM,87507,35.65283,-105.99494,5913.05,12542.34,18455.39,2023-02-02-093117
5322aa79-e685-47a3-9e67-d0bfeef58176,"R Greenleaf Organics Inc/ Retail Appaloosa Unit 1,2","1541 Appaloosas Unit 1, 2, Crossing Offices",SUNLAND PARK,NM,88063,31.80121,-106.56456,49296.02,717645.61,766941.63,2023-02-02-093117
2ea05efa-d430-4940-b4d0-3c9ab551ec5d,R R Hempire Llc - 401 Ralph Retail,401 Ralph,CHAPARRAL,NM,88081,32.02362,-106.36059,7577.76,40091.24,47669.0,2023-02-02-093117
554b3112-6176-49c5-8103-db5c1d1330f2,R. Greenleaf Organics,2235-2245 Main St SE,LOS LUNAS,NM,87031,34.80428,-106.70548,96106.65,109993.12,206099.77,2023-02-02-093117
13d3f440-1a78-4b8a-8c26-c4238265e70d,R. Greenleaf Organics,110 Yale SE,ALBUQUERQUE,NM,87106,35.08011,-106.62173,36673.39,63043.82,99717.21,2023-02-02-093117
134f8c5c-94c0-486b-89fb-fc37885bc83d,R. Greenleaf Organics Dispensary,4414 Menaul Blvd. NE,ALBUQUERQUE,NM,87110,35.108845,-106.531508,2493450.59,1966647.56,4460098.15,2023-02-02-093117
1a68c61e-9106-4c81-a77f-6b713b2cb293,R. Greenleaf Organics Dispensary,4014 Central Avenue SE,ALBUQUERQUE,NM,87108,35.079398,-106.601646,1430351.75,1322607.84,2752959.59,2023-02-02-093117
2b38b6c3-d580-4368-94e8-0df6bf610f44,R. Greenleaf Organics Dispensary,10250 Cottonwood Park NW,ALBUQUERQUE,NM,87114,35.203646,-106.655196,2517258.74,2394246.17,4911504.91,2023-02-02-093117
30b5c144-4f86-4512-b54d-621e1aa9f96a,R. Greenleaf Organics Dispensary,5201 Ouray NW,ALBUQUERQUE,NM,87120,35.112756,-106.699706,3109618.34,2904188.35,6013806.69,2023-02-02-093117
2772f016-33cc-414c-ae6c-43a80bfafb9e,R. Greenleaf Organics Dispensary Grants,899 East Roosevelt,GRANTS,NM,87020,35.161192,-107.826608,1288826.31,1391666.61,2680492.92,2023-02-02-093117
31ae4125-51d7-4387-b036-129b34df5127,R. Greenleaf Organics Dispensary Las Cruces,2750 Mall Dr. SE,LAS CRUCES,NM,88011,32.307142,-106.74188,2606757.57,2872434.63,5479192.2,2023-02-02-093117
012d614d-5d4b-4dbf-831f-ca5fd460fd26,R. Greenleaf Organics Dispensary Las Vegas,615 E. Lincoln St,LAS VEGAS,NM,87701,35.59355,-105.21413,779928.3,668047.26,1447975.56,2023-02-02-093117
2232f52b-c8fd-4454-9db1-13c22a1613e5,R. Greenleaf Organics Dispensary Roswell,4311 N. Main Street,ROSWELL,NM,88201,33.44699,-104.52273,1444407.14,837342.68,2281749.82,2023-02-02-093117
187458d8-0994-4324-81c8-bf2c10d6692a,R. Greenleaf Organics Dispensary Santa Fe,403 W. Cordova Rd,SANTA FE,NM,87505,35.672445,-105.949191,758061.61,1121554.01,1879615.62,2023-02-02-093117
3b014818-66cc-45ac-9de2-31053c086986,R. Greenleaf Organics Inc - Clovis Retail,2009 Ross,CLOVIS,NM,88101,34.4185,-103.19759,135911.0,170215.43,306126.43,2023-02-02-093117
4a5ee3f6-2dba-4953-9bfe-894dba34dfa2,R. Greenleaf Organics Inc - Sudderth Retail,360 Sudderth,RUIDOSO,NM,88345,33.32286,-105.63569,119741.14,297183.18,416924.32,2023-02-02-093117
17c275b1-3138-4825-8e34-0fb141e4e434,R. Greenleaf Organics Inc - White Sands Blvd Retail,101 N White Sands Blvd,ALAMOGORDO,NM,88310,32.89043,-105.96053,36047.35,36428.2,72475.55,2023-02-02-093117
36a5054d-2292-4d35-b590-bf2ff3638538,"R. Greenleaf Organics, Inc.",9821 Montgomery Blvd,ALBUQUERQUE,NM,87111,35.130603,-106.500279,2162703.95,1401617.09,3564321.04,2023-02-02-093117
00ece143-0ea0-413d-8876-752a84d7c264,Raw Greens Llc - San Mateo Retail,2639 San Mateo Blvd,ALBUQUERQUE,NM,87110,35.11067,-106.58671,13645.83,34097.47,47743.3,2023-02-02-093117
0ad2e780-0726-4fe7-8039-4924d72abe7e,Red Barn Growers,"2529 San Mateo Blvd., NE",ALBUQUERQUE,NM,87110,35.10873,-106.58674,282062.61,541011.67,823074.28,2023-02-02-093117
01c156d7-1251-41b9-8d51-2a5ad1e5cbf3,Red Barn Growers,1005 East 66 Avenue,GALLUP,NM,87301,35.528357,-108.743949,576853.69,1691596.42,2268450.11,2023-02-02-093117
04d9c3f6-da89-4597-8a76-338da5a65dca,Red Barn Growers,1405 S. Valley Drive,LAS CRUCES,NM,88005,32.29275,-106.78442,594611.0,940937.89,1535548.89,2023-02-02-093117
10f7c79c-b6e3-4276-87d1-30781f668306,Red Barn Growers Santa Fe Dispensary,1089 S. St. Francis Drive,SANTA FE,NM,87505,35.67483,-105.95295,442957.85,462987.97,905945.82,2023-02-02-093117
0bd44d32-36dd-42c3-906e-c34548d50e8d,Red Gorilla Greens - 4Th St Retail,1100 4th St NW,ALBUQUERQUE,NM,87102,35.09524,-106.64943,8246.58,23112.15,31358.73,2023-02-02-093117
08a7cb28-3fd1-411c-be31-e8eb825e21cf,Reds Marijuana Shop Llc - Old Coors Dr Retail,207 Old Coors Dr SW,ALBUQUERQUE,NM,87121,35.08085,-106.69783,9833.32,16166.16,25999.48,2023-02-02-093117
15fafba6-eaaa-49ab-a22a-dac1dd95aebf,Reefer Madness Llc - Menaul Blvd Retail,7710 Menaul Blvd,ALBUQUERQUE,NM,87110,35.109048,-106.580868,24973.54,88536.31,113509.85,2023-02-02-093117
496d6fbd-000d-4060-ac95-61c9a427b121,Releaf Cannabis Co/ Wyoming Blvd Ne,3116 Wyoming Blvd NE,ALBUQUERQUE,NM,87123,35.12065,-106.55069,17079.43,47609.11,64688.54,2023-02-02-093117
fe1988d8-262f-486b-b26b-7326aa18c874,Relief Station Llc - Louisiana Blvd Retail,509 Louisiana Blvd SE,ALBUQUERQUE,NM,87108,35.07014,-106.56901,1370.47,4306.03,5676.5,2023-02-02-093117
26e84223-2b65-4a15-b62c-2722a019f4d7,Ricardo O Wilson - Idaho Retail,1886 W Picacho Ave,LAS CRUCES,NM,88005,32.3118,-106.80448,8486.85,26560.28,35047.13,2023-02-02-093117
553f697f-fede-485b-b5f8-4ba2e4be7817,Rio Grande Farmaceuticals Llc,"6919 Montgomery Blvd NE, Suite B",ALBUQUERQUE,NM,87109,35.13142,-106.56991,3443.34,768059.75,771503.09,2023-02-02-093117
28d189e2-84b9-4e4f-89ac-dc83d7380e09,"Rmc Nm, Inc - Anthony Retail",138 Anthony Dr,ANTHONY,NM,88021,32.017095,-106.60369,264636.1,2489760.91,2754397.01,2023-02-02-093117
0c205552-dadb-451d-b7ba-307c0dd9b923,"Rmc Nm, Inc - Clayton Retail",106 S First St,CLAYTON,NM,88415,36.4505,-103.1838,9602.08,619009.23,628611.31,2023-02-02-093117
18d50100-af43-43f2-a131-eae4de8aa388,"Rmc Nm, Inc - Farmington Retail",2800 Main St,FARMINGTON,NM,87402,36.74236,-108.16923,27823.24,254228.11,282051.35,2023-02-02-093117
4f6dec34-e98b-4b83-9675-64202d56fcf2,"Rmc Nm, Inc - Gallup Retail",1121 US 491,GALLUP,NM,87301,35.53981,-108.75963,51671.0,548948.89,600619.89,2023-02-02-093117
27c09f7d-af2f-4e03-849a-97b0d6ef4885,"Rmc Nm, Inc - Silver City Retail",412 Silver Heights Blvd,SILVER CITY,NM,88061,32.78235,-108.2714,117700.42,240984.69,358685.11,2023-02-02-093117
059438e9-34d9-4e1e-b0fb-003668bd01da,"Rmc Nm, Inc - T Or C Retail",280 Date St,TRUTH OR CONSEQUENCES,NM,87901,33.156723,-107.250882,206379.41,322932.01,529311.42,2023-02-02-093117
2338d0df-64e3-4889-b887-efb68a194669,"Rmc Nm, Inc - Taos",101 Camino De La Placita,TAOS,NM,87571,36.4061,-105.57407,30171.0,150708.26,180879.26,2023-02-02-093117
0830cba2-8831-4372-b163-c945b6b06bd7,"Rmc Nm, Inc - Tucumcari Blvd Retail",605 W Tucumcari Blvd,TUCUMCARI,NM,88401,35.159634,-103.770477,37990.95,577700.74,615691.69,2023-02-02-093117
6faf5a63-6545-49d4-8fe3-898d848754a6,Road Runner Organics Llc - San Mateo Blvd Retail,1931 San Mateo Blvd NE,ALBUQUERQUE,NM,87110,35.09787,-106.58671,16952.11,21370.55,38322.66,2023-02-02-093117
2e02b812-b55e-42da-a2a1-7484c7519583,Road Runner Organics Llc/ Retail Bosque Farms Blvd,2280 Bosque Farms Blvd,BOSQUE FARMS,NM,87068,34.84135,-106.69068,6939.02,17284.75,24223.77,2023-02-02-093117
1bd9cd5b-5a97-469e-9bad-22b311ffea8d,Road Runner Organics/ Retail Hwy 47,3524 Hwy 47,PERALTA,NM,87042,34.81682,-106.69579,50522.16,89155.17,139677.33,2023-02-02-093117
06b08364-6904-4af7-9bc0-b481840f60d9,Roadrunner Retail,2 Marietta Ct Ste B,EDGEWOOD,NM,87015,35.06536,-106.20002,125649.34,331132.0,456781.34,2023-02-02-093117
011ec9df-4ec6-49eb-b436-ab78459ad203,Rollin Love Llc - 7Th St Retail,2140 7th St,LAS VEGAS,NM,87701,35.61496,-105.22443,70830.02,147904.18,218734.2,2023-02-02-093117
74f09a63-be3d-474b-ba8b-fa7e154c48be,Root 66 Oragnix/ 4Th St Retail,1304 4th Street SW,ALBUQUERQUE,NM,87102,35.07274,-106.65367,872.85,2093.9,2966.75,2023-02-02-093117
1774b2ba-ba57-4b7c-ba74-69901ca1cfe2,"Round House Reserve, Llc - Solano Retail",200 S Solano Ste 3,LAS CRUCES,NM,88001,32.314035,-106.779808,28178.19,66593.66,94771.85,2023-02-02-093117
1758b604-2bae-4e9a-a37c-1c8d5321b259,Route 66 Smoke Shop Llc/ Retail Rhode Island St Ne,8900 Central Ave SE,ALBUQUERQUE,NM,87123,35.07356,-106.54845,34.0,398.48,432.48,2023-02-02-093117
1d0ef5f9-0e93-474c-b3fb-71376e88e674,Royal Highness Llc - Camino Del Pueblo,413 S Camino Del Pueblo,BERNALILLO,NM,87004,35.31171,-106.54768,23628.74,73202.81,96831.55,2023-02-02-093117
3a6746b2-cb44-4327-8375-dce72391c8be,S  H Green Life - Pecan Dr Retail,2010 Pecan Dr,ALAMOGORDO,NM,88310,32.91484,-105.94259,162277.52,197905.6,360183.12,2023-02-02-093117
13bdcff9-0c61-47fc-bd08-3e5ecd9bf5a7,Sacred Garden,"1300 Luisa Street, Suite 1",SANTA FE,NM,87505,35.67093,-105.95063,800830.65,497070.18,1297900.83,2023-02-02-093117
11b31f54-4481-434b-84a5-5801e79ea873,Sacred Garden Albuquerque Dispensary,3600 Cutler Avenue NE,ALBUQUERQUE,NM,87110,35.1057,-106.60309,366469.88,357652.33,724122.21,2023-02-02-093117
098e8348-f91e-46f5-b3c8-a905d9f40f7e,Sacred Garden Dispensary Albuquerque San Mateo,"616 San Mateo Boulevard, Suite B",ALBUQUERQUE,NM,87108,35.084103,-106.650985,387642.11,221871.76,609513.87,2023-02-02-093117
315c8f4c-ad1b-495e-aee4-1a583c19e434,Sacred Garden Dispensary Las Cruces,642 S. Alameda Blvd.,LAS CRUCES,NM,88005,32.307626,-106.78093,1100935.6,463518.12,1564453.72,2023-02-02-093117
13d00770-3845-4365-9229-04fedb7a88e0,Sacred Garden Ruidoso,1803 Sudderth Dr,RUIDOSO,NM,88345,33.328558,-105.663388,234890.25,224201.69,459091.94,2023-02-02-093117
0d2c4c38-6855-4621-aa50-5a676d07d59c,Sanchez Farms - Copper Ave Retail,220 Copper Ave NW Ste 250,ALBUQUERQUE,NM,87102,35.08509,-106.64999,100.0,381.58,481.58,2023-02-02-093117
005157c1-2af1-4e75-83c5-f6fb1e861417,Sandia Botanicals,2406 Comanche Rd. NE,ALBUQUERQUE,NM,87107,35.12322,-106.6177,1397935.72,680448.75,2078384.47,2023-02-02-093117
016aedea-54eb-43ff-97f3-6d385abe5170,Sandia Botanicals - Las Cruces,2517 N. Main St.,LAS CRUCES,NM,88001,32.326493,-106.783295,1035024.66,729944.14,1764968.8,2023-02-02-093117
00f5fd53-ec9b-481b-ac55-e2573a977cef,Sangre De Cristo Retail Llc,216A Paseo Del Pueblo Sur,TAOS,NM,87571,36.400675,-105.57606,219009.53,1063828.96,1282838.49,2023-02-02-093117
82dcb68c-11a9-4df1-9825-cabbf8df482c,Santa Fe Sugar Leaf - Retail,839 Paseo De Peralta,SANTA FE,NM,87501,35.68518,-105.9338,5236.04,16923.66,22159.7,2023-02-02-093117
daa73f5f-664d-4aa8-8a57-eca35f6f9a1a,Sassy Grass Llc/ Retail West Picacho,3100 West Picacho,LAS CRUCES,NM,88007,32.31156,-106.81828,112.0,0.0,112.0,2023-02-02-093117
0e127e44-26e5-4469-97ba-4c760adfa0ee,"Sawmill Cannabis Company Llc - Lomas Blvd, Abq",5921 Lomas Blvd NE Ste B,ALBUQUERQUE,NM,87110,35.08765,-106.57984,67604.5,150478.0,218082.5,2023-02-02-093117
1ce851f0-0923-40c1-b882-4aa65fd2cd9c,"Sawmill Cannabis Company Llc - Main St, Los Lunas",3459 Main St,LOS LUNAS,NM,87031,34.80903,-106.69975,255534.1,487171.7,742705.8,2023-02-02-093117
1e578051-92d0-454f-929d-32f11dd9c0f6,"Sawmill Cannabis Company Llc - Menaul Blvd, Abq",2437 Menaul Blvd NE,ALBUQUERQUE,NM,87110,35.10983,-106.61605,12292.5,53883.5,66176.0,2023-02-02-093117
32e13aed-13ff-4a47-9faf-03ace00ab688,"Sawmill Cannabis Company Llc - Paseo Del Norte Blvd, Abq",4300 Paseo Del Norte Blvd NE Ste B,ALBUQUERQUE,NM,87109,35.17381,-106.60118,66037.0,129712.0,195749.0,2023-02-02-093117
17f5a0c9-0918-4d42-ae6d-4eaaf3101d07,"Sawmill Cannabis Company Llc - Phoenix Nw, Abq",215 Phoenix NW,ALBUQUERQUE,NM,87107,35.11348,-106.64402,58715.5,138313.0,197028.5,2023-02-02-093117
425f3aa1-0772-40fb-a01b-f8f0aa5b5494,Sawmill Cannabis Company Llc/ Retail Calle Cuervo Nw,3500 Calle Cuervo NW,ALBUQUERQUE,NM,87114,35.20759,-106.64937,29732.0,59056.0,88788.0,2023-02-02-093117
6ace0028-42f2-4646-b48e-2613ccd242f6,Sawmill Sweetleaf Llc - Mountain Dr Retail,1501 Mountain Dr NW,ALBUQUERQUE,NM,87104,35.09746,-106.66584,0.0,736.46,736.46,2023-02-02-093117
0241e853-a3ea-4294-ba0a-d3a74e4a5e09,Score 420 Llc - Central  Retail,2125 Central Ave NW,ALBUQUERQUE,NM,87104,35.09572,-106.67287,431467.22,945528.75,1376995.97,2023-02-02-093117
94ec70d6-36f4-4a60-98a4-089021394c7f,Score 420 Llc - Central Ave Manufacturer,2107 Central Ave NW,ALBUQUERQUE,NM,87104,35.091998,-106.678521,1810.53,0.0,1810.53,2023-02-02-093117
57c2092d-9463-4a9e-9b36-2afce1261e2c,Score 420 Llc - White Sands Blvd Retail,805 N White Sands Blvd Ste D,ALAMOGORDO,NM,88310,32.89839,-105.96098,60381.16,109772.64,170153.8,2023-02-02-093117
18c3b24b-3aba-481f-a41a-51c64512dedd,Seven Clover,3800 Central Ave. SE,ALBUQUERQUE,NM,87108,35.07917,-106.60201,860538.13,1171887.62,2032425.75,2023-02-02-093117
013cca1b-5d0b-48fe-9ff9-dd96a1f2ef29,Seven Clover Albuquerque Dispensary,1016 Juan Tabo Blvd. NE Ste. J,ALBUQUERQUE,NM,87112,35.08961,-106.5144,1133219.08,1360879.23,2494098.31,2023-02-02-093117
0857f032-5dcc-4c20-9e0a-4e06c1afd467,Seven Clover Dispensary,"7200 Montgomery Blvd NE, Ste. B7-B8",ALBUQUERQUE,NM,87109,35.130481,-106.564135,519720.24,781331.82,1301052.06,2023-02-02-093117
162a74b2-620a-4221-9c13-4a545dd2776a,Seven Clover Rio Rancho Dispensary,1670 Rio Rancho Drive. SE,RIO RANCHO,NM,87124,35.242534,-106.666813,914418.87,1155742.7,2070161.57,2023-02-02-093117
56cb5389-063e-43a3-96b0-32574b92f567,Seven Clover/ Retail S 1St Street,1502 S 1st Street,TUCUMCARI,NM,88401,35.16474,-103.7246,76035.46,153491.48,229526.94,2023-02-02-093117
c3492938-1280-4e1b-9110-7c57468895f5,Seven Leaf Llc - N Grand Ave Retail,2201 N Grand Ave,LAS VEGAS,NM,87701,35.61668,-105.20834,0.0,42028.53,42028.53,2023-02-02-093117
49f45225-45c3-40e5-b379-c8b61f7304d2,Seven Leaf Llc - N Grand Ave Retail,1901 N Grand Ave,LAS VEGAS,NM,87701,35.61309,-105.20924,94.0,50091.75,50185.75,2023-02-02-093117
05cb4aba-4a4e-476b-a9c2-d410ba4022fe,Seven Nine Grow Llc - El Paseo Dr Retail,808 El Paseo Dr,CHAPARRAL,NM,88081,32.02344,-106.36664,6221.5,60098.77,66320.27,2023-02-02-093117
0945fc0c-bc03-4be8-851b-53b9cc3b8db4,Seven Point Farms,3208 Vassar Dr. NE,ALBUQUERQUE,NM,87107,35.11666,-106.61478,501.25,0.0,501.25,2023-02-02-093117
05fe7968-8de9-43f7-917c-b36b871a4ba1,Seven Point Farms,7606 Menaul Blvd NE,ALBUQUERQUE,NM,87110,35.108845,-106.531508,393972.15,764542.68,1158514.86,2023-02-02-093117
0f180172-4bf3-4c25-be05-6199632bcd16,Seven Point Farms Cedar Crest,12202 N. Hwy. 14,CEDAR CREST,NM,87008,35.12855,-106.36621,353167.94,455352.94,808520.88,2023-02-02-093117
018fdf93-437f-43c9-ad9b-93adff078234,Seven Point Farms Socorro Dispensary,124 B Manzanares Avenue,SOCORRO,NM,87801,34.05734,-106.89073,507782.38,703142.32,1210924.7,2023-02-02-093117
23041813-737b-418d-876a-d89360edbb1d,Seven Ten Llc/ Retail Central Ave Se,6910 Central Ave SE,ALBUQUERQUE,NM,87108,35.0759,-106.57006,4120.02,26894.52,31014.54,2023-02-02-093117
2e1876bc-e33c-42e4-8c94-3ceab496e2ec,Sierra Madre Med Rec Llc - Questa Retail,2951 Hwy 522,QUESTA,NM,87556,36.703914,-105.595006,11801.52,33742.43,45543.94,2023-02-02-093117
0586f0f4-add0-4fa7-8f68-e77e24c036e7,Smokal Smoke Local - Becker Ave Retail,212 Becker Ave,BELEN,NM,87002,34.66002,-106.76994,469881.87,780257.73,1250139.6,2023-02-02-093117
0371d555-cc4b-4ecf-9822-c41b123ac413,Smoke N Mikes Llc - Sumner Ave Retail,138 W Sumner Ave,FORT SUMNER,NM,88119,34.476068,-104.254827,42696.88,99501.83,142198.71,2023-02-02-093117
4cc65cae-4810-46b2-bcdb-d9c17bc03565,Smoking Crow Cannabis Company - State Hwy 434 Retail,195 State Hwy 518,MORA,NM,87732,35.974202,-105.330013,39795.13,125317.28,165112.41,2023-02-02-093117
11915610-b2bd-467f-8774-8dcb00c66784,Sol Cannabis Llc - Idaho Retail,523 E Idaho,LAS CRUCES,NM,88001,32.296889,-106.779585,376899.24,1102414.15,1479313.39,2023-02-02-093117
044842fe-8941-4924-b331-438c6ccc1b07,Southwest Dispensary Llc - Retail Avenida,421 Avenida de Mesilla Suite C,LAS CRUCES,NM,88005,32.29391,-106.78494,18011.32,55055.64,73066.96,2023-02-02-093117
11012187-c807-4e9a-8ffa-6486416c5196,Southwest Organic Producers,4604 Corrales Road,CORRALES,NM,87048,35.22669,-106.61369,381842.85,421599.66,803442.51,2023-02-02-093117
2b25cedd-4c7e-46df-915f-d2183bf30eb0,Southwest Organic Producers,610 West Second St,ROSWELL,NM,88201,33.39393,-104.53138,1388806.0,806645.4,2195451.4,2023-02-02-093117
3b4de02d-b071-4645-a955-c2fc8f5da37f,Southwest Organic Producers,219 Central Ave NW,ALBUQUERQUE,NM,87102,35.085667,-106.657127,84292.26,180767.5,265059.76,2023-02-02-093117
06342c41-14de-49f9-a884-c790fb722077,Southwest Organic Producers,2720 Central Ave,ALBUQUERQUE,NM,87106,35.068033,-106.496155,167354.2,278344.3,445698.5,2023-02-02-093117
0fbcded6-d7aa-45b3-b579-f35bec9587dc,Southwest Organic Producers - Clovis,816 N. Prince St,CLOVIS,NM,88101,34.40649,-103.1968,767249.0,638266.7,1405515.7,2023-02-02-093117
04871dd7-58e2-489a-8ec6-7c03ad599494,Southwest Organic Producers Production- Seasonal,379 Camino De Corrales Del Norte,CORRALES,NM,87048,35.273472,-106.604082,437.0,0.0,437.0,2023-02-02-093117
009e8b2e-2187-4cb5-a732-4e578f56fc84,Southwest Organic Products,2803 Suddreth Dr Ste B,RUIDOSO,NM,88345,33.33158,-105.673099,376732.3,405123.5,781855.8,2023-02-02-093117
111d12f9-d023-4c97-a55d-bff7cb65c480,Southwest Organics Producers/ Retail N Dal Paso St,1706 N Dal Paso St,HOBBS,NM,88240,32.71902,-103.12722,72189.1,141718.4,213907.5,2023-02-02-093117
2725c24f-1006-4061-906a-67dd82acdfa3,Southwest Wellness Center - Guadalupe Santa Fe,604 N. Guadalupe Street,SANTA FE,NM,87501,35.689476,-105.943626,144397.57,268869.58,413267.15,2023-02-02-093117
096a43bb-bc2a-4206-87a8-74bc0dd71244,Southwest Wellness Center - Taos,1033-A Paseo Del Pueblo Sur,TAOS,NM,87571,36.400675,-105.57606,584514.44,702674.79,1287189.23,2023-02-02-093117
25005882-4c22-4f57-9f89-1034b6030c6a,Southwest Wellness Center- 98Th St. Dispensary,101 98th St. NW Suite 101,ALBUQUERQUE,NM,87121,35.084103,-106.650985,511311.63,620031.22,1131342.85,2023-02-02-093117
2258c938-427c-48fb-a1fa-b35bfabf53d7,Southwest Wellness Center- Albq. Dispensary,"9132 Montgomery Blvd. NE, Suite D.",ALBUQUERQUE,NM,87111,35.130603,-106.500279,335401.34,234855.02,570256.36,2023-02-02-093117
13a0d946-cce9-4936-a9ef-7f6569538f64,Southwest Wellness Center- Espanola,421 A South Riverside Drive,ESPANOLA,NM,87532,35.993394,-106.067986,443028.7,514598.56,957627.26,2023-02-02-093117
1b8887cc-22f8-4a06-9565-ec5d999b5368,Southwest Wellness Center- San Pedro Dispensary,2325 San Pedro Dr. NE  Suite 1G,ALBUQUERQUE,NM,87110,35.084103,-106.650985,438685.84,385712.89,824398.73,2023-02-02-093117
11c43b6f-48de-49da-81f4-5cf4006d6926,St Canapa Llc - Amador Ave Retail,250 W Amador Ave,LAS CRUCES,NM,88005,32.30701,-106.77989,188.28,1235.86,1424.14,2023-02-02-093117
3660f164-48a5-4aa8-9191-8665d1fdfde1,St Canapa Llc - Sudderth Dr Retail,1608 Sudderth Dr,RUIDOSO,NM,88345,33.328558,-105.663388,24615.91,249461.67,274077.58,2023-02-02-093117
6fefd8ad-dc59-4bba-a71e-59eb0af2b3e2,Stephen Lin Hayden,1144 S Second St,RATON,NM,87740,36.8853,-104.44088,77873.97,700013.65,777887.62,2023-02-02-093117
07750836-a8ff-49f4-89d1-3739e8a08e19,Stone Central Cannabis Llc - Rt 66 Retail,2015 US Rt 66 West Ste 1,MORIARTY,NM,87035,34.99005,-106.049189,83827.01,233921.78,317748.79,2023-02-02-093117
1ed03f4f-7224-4a82-a41e-5a6153076f15,Stoned Ape Llc/ Retail Copper Ave Ne,5115 Copper Ave NE Suite B,ALBUQUERQUE,NM,87108,35.08039,-106.58787,0.0,2738.98,2738.98,2023-02-02-093117
0b609cc0-8899-484d-930f-e9f734d778b6,Sweet Greens Inc - Central Retail,2211 Central Ave NW,ALBUQUERQUE,NM,87104,35.09604,-106.67354,24855.22,65590.77,90445.99,2023-02-02-093117
206e1797-e817-4c62-a0bd-880a05c4d279,Swop Retail,12611 Montgomery Blvd,ALBUQUERQUE,NM,87111,35.13131,-106.49646,358707.2,491662.6,850369.8,2023-02-02-093117
0130af65-ae83-4aa9-899c-0a2f0654c607,Swop-Retail,1604 S. Ave D,PORTALES,NM,88130,34.172975,-103.334741,590544.8,519412.5,1109957.3,2023-02-02-093117
2dd31d60-e5ce-4728-b917-3706b8805f48,Taos Cannabis Co-Op Retail, 925 Paseo Del Pueblo Sur,TAOS,NM,87571,36.400675,-105.57606,139173.3,546861.79,686035.09,2023-02-02-093117
0ae12ec9-6250-431d-9db8-fa6652c21303,The Alchemist Llc - Main St Retail,115 West Main St,FARMINGTON,NM,87401,36.729031,-108.213854,14043.45,131828.98,145872.43,2023-02-02-093117
34cd5019-1df5-4313-b11f-e14c966451f2,"The Bad Company, Llc - Retail",1616 Eubank NE,ALBUQUERQUE,NM,87047,35.154232,-106.524295,366947.92,1183769.91,1550717.83,2023-02-02-093117
1160598a-6d27-4f0a-932a-aba2afe38cde,"The Bad Company, Llc-Eubank Manufacturer",1616 Eubank Blvd NE Suite B,ALBUQUERQUE,NM,87112,35.09885,-106.53225,90.92,0.0,90.92,2023-02-02-093117
18ee85c6-a54a-499b-819e-0599c4563f88,The Canna Company,115 N Silver Ave,DEMING,NM,88030,32.26913,-107.75734,336222.94,810783.0,1147005.94,2023-02-02-093117
0bb5e048-fbe8-40e2-b7da-20d4482ac8b8,The Cannabis Tropical Llc/ Retail Calle De Parian,2060 Calle de Parian,MESILLA,NM,88046,32.27434,-106.79478,2430.52,17881.54,20312.06,2023-02-02-093117
156b249b-3c93-44e6-a407-d579676414de,The Grass Station Llc - Main St Retail,928 E Main St Bldg C,FARMINGTON,NM,87401,36.7357,-108.18875,96991.7,934110.47,1031102.17,2023-02-02-093117
0272f3ca-b1b0-4584-b74e-f9762457e090,The Green Matrix - S Highway 28 Retail,3100 S Highway 28,ANTHONY,NM,88021,31.95493,-106.64468,52995.95,231678.46,284674.43,2023-02-02-093117
281cafb8-6ab5-4586-8764-70bddbed1178,The Green Scene Llc/ Retail Two Well Rd,202 S. 3rd St,GALLUP,NM,87301,35.52651,-108.74399,531.65,3427.94,3959.59,2023-02-02-093117
c4e4c1d7-b794-475f-9665-ade30d8cd5db,"The Herb Taxi, Llc - Columbia Dr, Abq",1920 Columbia Dr SE Ste A,ALBUQUERQUE,NM,87106,35.06034,-106.61575,4697.0,6217.5,10914.5,2023-02-02-093117
06d1345d-abe5-466c-a66a-41b72eb0acd0,"The Jazz Club Llc - Juan Tabo, Abq",2104 Juan Tabo Blvd NE,ALBUQUERQUE,NM,87112,35.10585,-106.51525,57697.07,84304.05,142001.12,2023-02-02-093117
2a49a127-8420-4fd1-baf4-d9a458122796,The Medicine Shop - Cerrillos Rd Retail,1836B Cerrillos Rd,SANTA FE,NM,87505,35.6647,-105.97272,0.0,630.2,630.2,2023-02-02-093117
068cbe82-7448-4bd5-8e3f-40c13c2831c6,The Pot Hole Llc - S First St Retail,1623 S First St,CLAYTON,NM,88415,36.450784,-103.184797,5752.86,197883.63,203636.49,2023-02-02-093117
1ec5aed1-b397-424f-8751-0c97f72c5a63,The Reef Joint Llc - 20Th St Retail,3000 E 20th St,FARMINGTON,NM,87402,36.74911,-108.16461,21073.0,156195.2,177268.2,2023-02-02-093117
7177f2a2-549c-43df-b79e-937c21899d3b,The Verdes Foundation/ Retail Coors Blvd Nw,10032 Coors Blvd NW,ALBUQUERQUE,NM,87114,35.19503,-106.65304,75815.75,46617.0,122432.75,2023-02-02-093117
98fd6f8a-388a-4a40-a3b4-6532eb37196c,Three Points Cannabis Llc - Pierce St Retail,1101 W Pierce St,CARLSBAD,NM,88220,32.439778,-104.255908,959.47,19268.2,20227.67,2023-02-02-093117
254723ef-7cf8-4c0c-be07-fa6aa60f6e69,Thrive Apothecary Nm Llc - Retail,5926 2nd St NW,ALBUQUERQUE,NM,87107,35.121605,-106.641048,16994.5,64150.79,81145.29,2023-02-02-093117
1050a193-2000-429b-b004-d305433d0c29,Tko Cannabis Llc - Pierce Retail,2302 W Pierce St,CARLSBAD,NM,88220,32.43902,-104.25413,107177.08,975706.38,1082883.46,2023-02-02-093117
368a4609-e91b-48d8-92aa-d4d622654bad,Tnm Holdings Llc/ Retail Wheeler Avenue,800 Wheeler Avenue,TEXICO,NM,88135,34.38906,-103.05158,4518.53,67247.24,71765.77,2023-02-02-093117
33f74aae-5773-4487-a035-194d1d169c71,Toasted Llc - 4Th St Retail,7103 4th St NW Bldg F,LOS RANCHOS,NM,87107,35.16465,-106.63795,24345.53,116249.06,140594.59,2023-02-02-093117
2fe7eae4-7dab-4604-ad33-df68546379f7,Toker King Llc - Ave O Retail,1600 Ave O,EUNICE,NM,88231,32.44272,-103.16352,309.02,2897.16,3206.18,2023-02-02-093117
3754370a-2b86-4f7a-8e08-f09744311da3,Toker King Llc/ Retail W Kansas Ave,211 W Kansas Ave,JAL,NM,88252,32.11976,-103.19513,3020.56,410213.63,413234.19,2023-02-02-093117
d487650a-6598-4998-a7e8-e17f40fb7c00,Toot Toot Properties Llc/ Retail Us Hwy 54,124 US Hwy 54,LOGAN,NM,88426,35.35795,-103.41073,3133.74,9979.04,13112.78,2023-02-02-093117
3495be95-8e50-489e-bf43-d802a79fed63,Top Of The 8Th Llc - Retail,1275 Anthony Dr Ste C7,ANTHONY,NM,88021,32.01673,-106.60473,120275.77,789403.76,909679.53,2023-02-02-093117
1365c1d0-2b81-4459-93bf-d112aaf26bf1,Toques Llc/ Retail Broadbent Pkwy Ne,2809 Broadbent Pkwy NE,ALBUQUERQUE,NM,87107,35.11301,-106.6287,6905.41,18873.42,25778.83,2023-02-02-093117
8b2258c6-e2c7-458a-9734-25b8f33d4b0f,Treez Llc/ Retail W Broadway,816 West Broadway,BLOOMFIELD,NM,87413,36.71154,-107.98878,3541.84,75900.4,79442.24,2023-02-02-093117
08a1e682-4e03-44c2-84b6-f50602685803,U La La Cannabis Company Llc/ Retail S Main Ave,2330 S Main Ave,LOVINGTON,NM,88260,32.92638,-103.34406,80775.16,158924.04,239699.2,2023-02-02-093117
10060a5f-e8c4-498f-9fe4-5a97b746e49f,Ultmtgrwthllc - Retail,3500 Foot Hills Road,LAS CRUCES,NM,88011,32.3132,-106.73851,33677.94,90423.55,124101.49,2023-02-02-093117
07720862-242c-49b2-97f5-452d1cc6b7ba,Ultra Health Retail,807 E. Pinte,DEMING,NM,88030,32.268698,-107.75864,689944.11,831340.45,1521284.56,2023-02-02-093117
16cd7f0c-f6b7-410e-8d80-00ee7ea5fa2e,Ultra Health Retail,1301 S.  Canal St,CARLSBAD,NM,88220,32.38989,-104.218898,675558.99,1369187.18,2044746.17,2023-02-02-093117
295e1d6f-e0f2-4ce0-b4e4-01725764259f,Ultra Health Retail,8104 Wyoming,ALBUQUERQUE,NM,87113,35.17562,-106.55964,114496.62,196851.76,311348.38,2023-02-02-093117
340a34ab-e646-4d96-8d4f-a9a1ee8f5eb8,Ultra Health Retail,1012 W. 2nd st,PORTALES,NM,88130,34.177388,-103.35243,396673.91,285812.33,682486.24,2023-02-02-093117
02dfe862-0669-494d-85e0-c6dd4445e10e,Ultra Health Retail, 610 N. Broadway,TRUTH OR CONSEQUENCES,NM,87901,33.12853,-107.255579,299985.05,222244.32,522229.37,2023-02-02-093117
0334d81b-da70-4a7a-bf9c-9d128bada0cc,Ultra Health Retail,610 N. Broadway,TRUTH OR CONSEQUENCES,NM,87901,33.12853,-107.255579,197279.0,176656.04,373935.04,2023-02-02-093117
201a6409-f3b5-4941-9273-61e9786c9e63,Ultra Health Retail,2801 Sudderth Dr,RUIDOSO,NM,88345,33.328558,-105.663388,288401.7,379245.35,667647.05,2023-02-02-093117
1886605d-72da-4575-85be-b4f58d44a54a,Unbeweedable Cannabis Cafe Llc - Retail Eubank Blvd Ne,1309 Eubank Blvd NE,ALBUQUERQUE,NM,87112,35.09343,-106.53315,2009.48,4217.79,6227.27,2023-02-02-093117
02d80505-886d-466c-95c6-54150d82ceaf,Urban Wellness,2910 San Mateo Blvd.,ALBUQUERQUE,NM,87110,35.084103,-106.650985,1428874.99,1621205.37,3050080.36,2023-02-02-093117
59d0ddd2-9e51-4022-8858-0a332ee7fbee,Urban Wellness,2910 San Mateo Blvd. NE,ALBUQUERQUE,NM,87110,35.11507,-106.58603,252359.63,293187.7,545547.33,2023-02-02-093117
0cf7ec46-8de3-434e-a325-57a9ee9081b1,Urban Wellness Dispensary,120 98th ST NW,ALBUQUERQUE,NM,87121,35.07468,-106.74185,1062084.03,1947410.74,3009494.77,2023-02-02-093117
0005354d-7d35-4ddb-a0d9-2b771bdeabad,Urban Wellness Dispensary,405 Montano Rd NE,ALBUQUERQUE,NM,87107,35.13693,-106.62715,668468.77,908564.21,1577032.98,2023-02-02-093117
15f349c2-0a27-4ff7-9f86-ea06dbcb6b38,Urban Wellness Dispensary Albuquerque,4601 Paradise Blvd. Suite H,ALBUQUERQUE,NM,87114,35.084103,-106.650985,2345093.12,2981084.67,5326177.79,2023-02-02-093117
2c9f734e-de87-446b-a925-26779a570d73,Urban Wellness Dispensary Albuquerque,"7610 Carmel NE, Ste. B",ALBUQUERQUE,NM,87122,35.17679,-106.55878,1022361.66,1725642.65,2748004.31,2023-02-02-093117
206d9603-180e-4e86-806a-e73960a40851,Urban Wellness- Dispensary,6220 San Mateo BLVD,ALBUQUERQUE,NM,87190,35.084103,-106.650985,904761.39,1679691.08,2584452.47,2023-02-02-093117
23f3b697-183a-4311-8fc0-55def9011aef,Vana Society Llc,"3608 N Prince Street, Suite E",CLOVIS,NM,88101,34.399485,-103.19657,76982.3,541057.09,618039.36,2023-02-02-093117
1b849058-036a-4e8a-98db-67688f3db06c,Vana Society Llc/ Retail Yale Blvd Se,416 Yale Blvd SE,ALBUQUERQUE,NM,87106,35.07452,-106.62175,13115.62,42524.54,55640.16,2023-02-02-093117
085f6376-c831-40ef-afb6-4ff3f91ad1c9,Verdes Foundation,6005 Coronado Ave NE,ALBUQUERQUE,NM,87109,35.16602,-106.57951,71.0,0.0,71.0,2023-02-02-093117
00f4ed2c-7750-4946-a74c-350e942bdaaf,Verdes Foundation,2320 Grande Blvd. SE,RIO RANCHO,NM,87124,35.221862,-106.663632,3648243.12,1758407.38,5406650.5,2023-02-02-093117
24322aa5-0798-46ee-b5b4-34d81c234ee2,Verdes Foundation,7301 San Antonio Drive NE,ALBUQUERQUE,NM,87109,35.160407,-106.588243,4407625.86,2334049.83,6741675.69,2023-02-02-093117
2bc2ac9e-3607-4463-b95b-cb7c97cec961,"Verdes Foundation - Zafarano, Sf",3530 Zafarano Dr Ste C5,SANTA FE,NM,87507,35.64015,-106.0128,47947.38,62685.5,110632.88,2023-02-02-093117
1b3474de-4829-4c06-907e-dac283e673da,Verdes Foundation- Retail Location,220 Shelby St,SANTA FE,NM,87501,35.685442,-105.938583,348693.82,731815.96,1080509.78,2023-02-02-093117
2584615f-c993-4a1f-bb18-096995762f24,Vt Industries Llc/ Retail W River Street,320 W River Street,RED RIVER,NM,87558,36.71046,-105.41174,6233.55,121899.44,128132.99,2023-02-02-093117
01e02d95-333c-4074-bf87-f067f432d067,Wheeed Llc - Los Alamos Retail,555 Oppenheimer Dr,LOS ALAMOS,NM,87544,35.881688,-106.305683,215531.88,405527.36,621059.24,2023-02-02-093117
81578532-0b5b-40e0-b9ec-e2f79e28c090,Yerba Buena/ Retail Tucumcari Blvd,123 Tucumcari Blvd,TUCUMCARI,NM,88401,35.172,-103.72528,14368.2,24039.77,38407.97,2023-02-02-093117
0e24d6dc-534f-4b40-a62c-7aebb7bd8b5e,Zia Collective Dispensary- Solano Retail,951 N Solano Dr Suite B,LAS CRUCES,NM,88001,32.31905,-106.77046,29363.64,72961.35,102324.99,2023-02-02-093117
0c09003e-1758-47dc-89be-14aeb365b416,Zia Toke Llc - Main St Retail,4339 E Main St,FARMINGTON,NM,87402,36.774322,-108.133162,60211.66,593429.22,653640.88,2023-02-02-093117
10695a11-5511-4ca1-a871-0805986c20f9,Zold Llc,205 Wheeler Ave,TEXICO,NM,88135,34.388724,-103.043704,34807.11,545407.6,580214.71,2023-02-02-093117
17a3de04-c3d1-4ed6-842e-4071888077cf,Zs Bud Board Llc - Mechem Retail,200 Mechem Unit 5,RUIDOSO,NM,88345,33.333995,-105.681249,51381.98,96397.65,147779.63,2023-02-02-093117
