City,MedicalSales,MedicalTickets,RecSales,RecTickets,TotalSales,TotalTickets,Month,MonthYear,Year,acquired_datestamp
Farmington,252173.36,4684,413943.79,9439,666117.15,14123,April,April 2022,2022,2022-12-02-122043
Los Lunas,444665.65,8609,471172.54,9895,915838.19,18504,April,April 2022,2022,2022-12-02-122043
Ruidoso,313637.85,5952,499402.42,8719,813040.27,14671,April,April 2022,2022,2022-12-02-122043
Anthony,2238.99,43,25090.77,509,27329.76,552,April,April 2022,2022,2022-12-02-122043
Estancia,1327.62,50,4853.36,164,6180.98,214,April,April 2022,2022,2022-12-02-122043
Raton,10272.23,199,50969.02,936,61241.25,1135,April,April 2022,2022,2022-12-02-122043
Truth Or Consequences,218104.77,5047,156716.45,3831,374821.22,8878,April,April 2022,2022,2022-12-02-122043
Tucumcari,33735.33,660,147597.25,2100,181332.58,2760,April,April 2022,2022,2022-12-02-122043
Edgewood,119930.86,2224,216430.13,4828,336360.99,7052,April,April 2022,2022,2022-12-02-122043
Las Cruces,1568850.11,29472,2083571.59,38036,3652421.7,67508,April,April 2022,2022,2022-12-02-122043
Madrid,165.2,5,40840.31,960,41005.51,965,April,April 2022,2022,2022-12-02-122043
Sunland Park,225550.66,3616,1177048.03,19319,1402598.69,22935,April,April 2022,2022,2022-12-02-122043
Cedar Crest,51934.92,890,56301.59,1187,108236.51,2077,April,April 2022,2022,2022-12-02-122043
Espanola,300752.68,6687,327420.34,8036,628173.02,14723,April,April 2022,2022,2022-12-02-122043
Grants,162513.75,3377,200660.03,4079,363173.78,7456,April,April 2022,2022,2022-12-02-122043
Los Alamos,922.9,20,1038.9,22,1961.8,42,April,April 2022,2022,2022-12-02-122043
Placitas,47566.0,743,33489.98,730,81055.98,1473,April,April 2022,2022,2022-12-02-122043
Taos,174485.02,3233,324947.63,6820,499432.65,10053,April,April 2022,2022,2022-12-02-122043
Hobbs,422857.57,6942,1316810.97,15348,1739668.54,22290,April,April 2022,2022,2022-12-02-122043
Socorro,134261.63,2516,149356.73,3321,283618.37,5837,April,April 2022,2022,2022-12-02-122043
Alamogordo,653106.03,12655,469384.1,10317,1122490.13,22972,April,April 2022,2022,2022-12-02-122043
Bernalillo,161040.88,3497,277935.32,6354,438976.2,9851,April,April 2022,2022,2022-12-02-122043
Clovis,478456.34,10124,804083.28,12633,1282539.62,22757,April,April 2022,2022,2022-12-02-122043
Carlsbad,387158.83,6815,719082.45,11803,1106241.28,18618,April,April 2022,2022,2022-12-02-122043
Roswell,676987.92,13043,2364.11,58,679352.03,13101,April,April 2022,2022,2022-12-02-122043
Texico,1748.95,46,15526.41,291,17275.36,337,April,April 2022,2022,2022-12-02-122043
Belen,13986.19,327,17861.83,503,31848.02,830,April,April 2022,2022,2022-12-02-122043
Cloudcroft,420.0,10,1345.0,23,1765.0,33,April,April 2022,2022,2022-12-02-122043
Rio Rancho,944124.0,15425,749123.89,15112,1693247.89,30537,April,April 2022,2022,2022-12-02-122043
Albuquerque,6899255.17,128012,8014519.78,166230,14913774.96,294242,April,April 2022,2022,2022-12-02-122043
Alto,15400.47,301,41513.69,821,56914.16,1122,April,April 2022,2022,2022-12-02-122043
Deming,101735.0,2353,139882.86,3497,241617.86,5850,April,April 2022,2022,2022-12-02-122043
Santa Fe,1633151.88,30453,1832334.87,38793,3465486.75,69246,April,April 2022,2022,2022-12-02-122043
Clayton,15813.42,373,71407.22,1066,87220.64,1439,April,April 2022,2022,2022-12-02-122043
Silver City,240872.55,5195,185893.22,4547,426765.77,9742,April,April 2022,2022,2022-12-02-122043
Portales,229025.31,5430,168896.66,3847,397921.97,9277,April,April 2022,2022,2022-12-02-122043
Gallup,147166.66,3048,631475.8,14380,778642.46,17428,April,April 2022,2022,2022-12-02-122043
Las Vegas,235466.01,5381,226583.14,5260,462049.15,10641,April,April 2022,2022,2022-12-02-122043
Tularosa,39771.1,916,39470.26,1017,79241.36,1933,April,April 2022,2022,2022-12-02-122043
Corrales,46098.15,716,57789.45,1184,103887.6,1900,April,April 2022,2022,2022-12-02-122043
Carlsbad,375399.17,6987,705142.14,12328,1080541.31,19315,May,May 2022,2022,2022-12-02-122043
Albuquerque,7099827.85,134431,7318715.87,165346,14418543.72,299777,May,May 2022,2022,2022-12-02-122043
Tularosa,36098.2,833,33933.95,931,70032.15,1764,May,May 2022,2022,2022-12-02-122043
Belen,60985.73,1388,96966.38,2368,157952.11,3756,May,May 2022,2022,2022-12-02-122043
Farmington,237083.56,4699,403494.77,10581,640578.33,15280,May,May 2022,2022,2022-12-02-122043
Las Vegas,169860.81,3803,153400.38,3606,323261.19,7409,May,May 2022,2022,2022-12-02-122043
Edgewood,116129.26,2223,195940.02,4526,312069.28,6749,May,May 2022,2022,2022-12-02-122043
Anthony,20408.76,434,283214.02,5877,303622.78,6311,May,May 2022,2022,2022-12-02-122043
Alamogordo,620002.24,12635,436507.1,10372,1056509.34,23007,May,May 2022,2022,2022-12-02-122043
Clayton,13041.28,307,87996.94,1503,101038.22,1810,May,May 2022,2022,2022-12-02-122043
Los Lunas,418150.8,8387,385759.47,9057,803910.27,17444,May,May 2022,2022,2022-12-02-122043
Truth Or Consequences,220873.91,5367,140918.69,3602,361792.6,8969,May,May 2022,2022,2022-12-02-122043
Madrid,3148.8,56,40667.6,903,43816.4,959,May,May 2022,2022,2022-12-02-122043
Sunland Park,208097.19,3856,1273552.79,24858,1481649.98,28714,May,May 2022,2022,2022-12-02-122043
Espanola,297048.49,6706,302497.52,8275,599546.01,14981,May,May 2022,2022,2022-12-02-122043
Santa Fe,1662793.49,31242,1719723.0,37713,3382516.49,68955,May,May 2022,2022,2022-12-02-122043
Estancia,2897.49,88,11771.16,333,14668.65,421,May,May 2022,2022,2022-12-02-122043
Cloudcroft,2864.5,67,17385.1,338,20249.6,405,May,May 2022,2022,2022-12-02-122043
Bernalillo,160469.41,3588,254450.69,6652,414920.1,10240,May,May 2022,2022,2022-12-02-122043
Questa,0.0,0,3277.89,91,3277.89,91,May,May 2022,2022,2022-12-02-122043
Corrales,41766.7,645,48066.65,952,89833.35,1597,May,May 2022,2022,2022-12-02-122043
Los Alamos,7195.92,180,16618.03,423,23813.95,603,May,May 2022,2022,2022-12-02-122043
Las Cruces,1567876.91,31296,1776846.7,37214,3344723.61,68510,May,May 2022,2022,2022-12-02-122043
Chaparral,3741.3,46,4764.89,100,8506.19,146,May,May 2022,2022,2022-12-02-122043
Clovis,447645.07,10101,681381.78,11320,1129026.85,21421,May,May 2022,2022,2022-12-02-122043
Alto,14353.39,274,44479.58,905,58832.97,1179,May,May 2022,2022,2022-12-02-122043
Cedar Crest,47683.21,885,56005.0,1270,103688.21,2155,May,May 2022,2022,2022-12-02-122043
Portales,209195.07,5291,152356.64,3542,361551.71,8833,May,May 2022,2022,2022-12-02-122043
Ruidoso,353141.65,6759,555675.28,10214,908816.93,16973,May,May 2022,2022,2022-12-02-122043
Hobbs,409497.41,7095,1202846.33,15250,1612343.74,22345,May,May 2022,2022,2022-12-02-122043
Tucumcari,55579.45,1194,199530.36,3099,255109.81,4293,May,May 2022,2022,2022-12-02-122043
Rio Rancho,960464.41,16494,762454.58,16240,1722918.99,32734,May,May 2022,2022,2022-12-02-122043
Silver City,236822.73,5102,161314.06,4194,398136.79,9296,May,May 2022,2022,2022-12-02-122043
Placitas,41886.6,682,24146.48,570,66033.08,1252,May,May 2022,2022,2022-12-02-122043
Roswell,630035.5,12552,145968.55,2969,776004.05,15521,May,May 2022,2022,2022-12-02-122043
Los Ranchos,1013.99,33,3687.23,91,4701.22,124,May,May 2022,2022,2022-12-02-122043
Eagle Nest,1149.37,30,3184.25,94,4333.62,124,May,May 2022,2022,2022-12-02-122043
Grants,168310.36,3552,187853.43,4121,356163.79,7673,May,May 2022,2022,2022-12-02-122043
Socorro,127906.58,2487,133870.86,3103,261777.44,5590,May,May 2022,2022,2022-12-02-122043
Taos,187993.38,3377,332387.35,6963,520380.73,10340,May,May 2022,2022,2022-12-02-122043
Texico,4071.98,75,52175.72,759,56247.7,834,May,May 2022,2022,2022-12-02-122043
Raton,7823.5,149,57557.09,1088,65380.59,1237,May,May 2022,2022,2022-12-02-122043
Gallup,152929.41,3367,475993.69,13834,628923.1,17201,May,May 2022,2022,2022-12-02-122043
Deming,107660.51,2554,160245.1,4360,267905.61,6914,May,May 2022,2022,2022-12-02-122043
Estancia,4544.95,136,15417.99,437,19962.94,573,June,June 2022,2022,2022-12-02-122043
Alto,12107.1,260,45029.38,959,57136.48,1219,June,June 2022,2022,2022-12-02-122043
Roswell,545664.51,11415,350547.32,7288,896211.83,18703,June,June 2022,2022,2022-12-02-122043
Las Vegas,211315.68,4988,196453.2,4902,407768.88,9890,June,June 2022,2022,2022-12-02-122043
Clovis,407179.25,9453,665759.79,11381,1072939.04,20834,June,June 2022,2022,2022-12-02-122043
Espanola,283213.96,6346,292654.36,8123,575868.32,14469,June,June 2022,2022,2022-12-02-122043
Truth Or Consequences,202952.21,4806,140286.84,3492,343239.05,8298,June,June 2022,2022,2022-12-02-122043
Grants,170655.64,3558,162159.58,3956,332815.22,7514,June,June 2022,2022,2022-12-02-122043
Moriarty,0.0,0,186.7,4,186.7,4,June,June 2022,2022,2022-12-02-122043
Raton,8491.14,164,72241.73,1275,80732.87,1439,June,June 2022,2022,2022-12-02-122043
Los Alamos,16978.68,292,34429.31,755,51407.99,1047,June,June 2022,2022,2022-12-02-122043
Logan,0.0,0,5.0,1,5.0,1,June,June 2022,2022,2022-12-02-122043
Placitas,38692.3,619,21615.6,504,60307.9,1123,June,June 2022,2022,2022-12-02-122043
Edgewood,112293.07,2199,190139.34,4462,302432.41,6661,June,June 2022,2022,2022-12-02-122043
Taos,171247.45,3155,340784.3,7182,512031.75,10337,June,June 2022,2022,2022-12-02-122043
Farmington,224310.3,4491,471178.12,12237,695488.42,16728,June,June 2022,2022,2022-12-02-122043
Questa,20.0,1,8246.58,205,8266.58,206,June,June 2022,2022,2022-12-02-122043
Clayton,12412.88,298,136781.31,2162,149194.19,2460,June,June 2022,2022,2022-12-02-122043
Ruidoso,342937.8,6402,621860.53,11818,964798.34,18220,June,June 2022,2022,2022-12-02-122043
Cedar Crest,40232.75,795,47030.37,1146,87263.12,1941,June,June 2022,2022,2022-12-02-122043
Albuquerque,6701232.11,127916,7001438.36,166464,13702670.46,294380,June,June 2022,2022,2022-12-02-122043
Cloudcroft,5282.1,98,38337.5,666,43619.6,764,June,June 2022,2022,2022-12-02-122043
Rio Rancho,925054.97,15266,715786.49,15340,1640841.46,30606,June,June 2022,2022,2022-12-02-122043
Fort Sumner,5718.48,135,11288.34,285,17006.82,420,June,June 2022,2022,2022-12-02-122043
Tularosa,33134.86,778,34788.56,969,67923.42,1747,June,June 2022,2022,2022-12-02-122043
Gallup,137264.21,3028,462250.07,13629,599514.28,16657,June,June 2022,2022,2022-12-02-122043
Sunland Park,199698.46,3714,1286670.34,26515,1486368.8,30229,June,June 2022,2022,2022-12-02-122043
Deming,103752.14,2373,133855.66,3746,237607.8,6119,June,June 2022,2022,2022-12-02-122043
Tucumcari,61730.64,1376,249428.97,3956,311159.61,5332,June,June 2022,2022,2022-12-02-122043
Belen,67482.9,1434,104247.4,2557,171730.3,3991,June,June 2022,2022,2022-12-02-122043
Santa Fe,1594803.02,29715,1706156.94,38801,3300959.96,68516,June,June 2022,2022,2022-12-02-122043
Bernalillo,179951.22,3852,273210.17,7307,453161.39,11159,June,June 2022,2022,2022-12-02-122043
Portales,198968.86,5090,126625.82,3027,325594.68,8117,June,June 2022,2022,2022-12-02-122043
Eagle Nest,7129.64,141,33338.79,704,40468.43,845,June,June 2022,2022,2022-12-02-122043
Aztec,3090.59,61,17597.63,327,20688.22,388,June,June 2022,2022,2022-12-02-122043
Madrid,5590.82,106,29338.58,726,34929.4,832,June,June 2022,2022,2022-12-02-122043
Los Lunas,371796.76,7747,337010.62,8613,708807.38,16360,June,June 2022,2022,2022-12-02-122043
Los Ranchos,2519.86,75,8156.63,228,10676.49,303,June,June 2022,2022,2022-12-02-122043
Alamogordo,561370.7,12038,445645.9,11034,1007016.6,23072,June,June 2022,2022,2022-12-02-122043
Socorro,108383.08,2327,109245.16,2788,217628.24,5115,June,June 2022,2022,2022-12-02-122043
Las Cruces,1464402.36,30524,1673691.72,37397,3138094.08,67921,June,June 2022,2022,2022-12-02-122043
Anthony,22477.58,499,345069.26,7058,367546.84,7557,June,June 2022,2022,2022-12-02-122043
Silver City,226235.97,5037,161403.41,4286,387639.38,9323,June,June 2022,2022,2022-12-02-122043
Carlsbad,362535.09,6965,741409.53,12641,1103944.62,19606,June,June 2022,2022,2022-12-02-122043
Hobbs,389477.52,6635,1208011.22,14938,1597488.74,21573,June,June 2022,2022,2022-12-02-122043
Corrales,33590.7,506,34908.0,704,68498.7,1210,June,June 2022,2022,2022-12-02-122043
Texico,5245.0,99,63266.91,879,68511.91,978,June,June 2022,2022,2022-12-02-122043
Chaparral,20177.65,351,61456.25,1274,81633.9,1625,June,June 2022,2022,2022-12-02-122043
Aztec,9702.94,172,57327.26,1128,67030.2,1300,July,July 2022,2022,2022-12-02-122043
Texico,4567.0,82,68046.78,959,72613.78,1041,July,July 2022,2022,2022-12-02-122043
Tucumcari,55002.8,1292,296775.07,4595,351777.87,5887,July,July 2022,2022,2022-12-02-122043
Estancia,5184.3,151,16519.48,470,21703.78,621,July,July 2022,2022,2022-12-02-122043
Corrales,34120.2,481,38408.0,805,72528.2,1286,July,July 2022,2022,2022-12-02-122043
Chaparral,31286.62,581,128139.33,2307,159425.95,2888,July,July 2022,2022,2022-12-02-122043
Los Ranchos,3111.0,89,13799.13,294,16910.13,383,July,July 2022,2022,2022-12-02-122043
Alamogordo,601524.77,13330,504578.34,13700,1106103.11,27030,July,July 2022,2022,2022-12-02-122043
Las Vegas,216871.89,5022,222524.57,5728,439396.46,10750,July,July 2022,2022,2022-12-02-122043
Questa,4860.23,101,9568.93,241,14429.17,342,July,July 2022,2022,2022-12-02-122043
Los Alamos,20856.3,363,44256.08,867,65112.38,1230,July,July 2022,2022,2022-12-02-122043
Portales,201548.02,5064,134824.88,3361,336372.9,8425,July,July 2022,2022,2022-12-02-122043
Ruidoso,354845.49,6669,831991.72,14860,1186837.21,21529,July,July 2022,2022,2022-12-02-122043
Moriarty,10070.97,276,27639.95,752,37710.92,1028,July,July 2022,2022,2022-12-02-122043
Eagle Nest,7562.22,147,45792.2,873,53354.42,1020,July,July 2022,2022,2022-12-02-122043
Placitas,38474.96,614,19454.55,486,57929.51,1100,July,July 2022,2022,2022-12-02-122043
Grants,167722.05,3437,191959.87,4632,359681.92,8069,July,July 2022,2022,2022-12-02-122043
Chama,367.3,9,3980.57,87,4347.87,96,July,July 2022,2022,2022-12-02-122043
Silver City,211931.65,5048,168078.16,4601,380009.81,9649,July,July 2022,2022,2022-12-02-122043
Clovis,428416.98,9887,735346.34,12328,1163763.32,22215,July,July 2022,2022,2022-12-02-122043
Logan,5558.93,120,20091.59,372,25650.52,492,July,July 2022,2022,2022-12-02-122043
Bernalillo,184128.04,4096,302760.61,8206,486888.65,12302,July,July 2022,2022,2022-12-02-122043
Madrid,8753.58,150,29696.93,660,38450.51,810,July,July 2022,2022,2022-12-02-122043
Peralta,875.0,32,5497.18,199,6372.18,231,July,July 2022,2022,2022-12-02-122043
Rio Rancho,873533.24,14786,742207.56,16293,1615740.8,31079,July,July 2022,2022,2022-12-02-122043
Hobbs,363105.48,6321,1258993.66,15720,1622099.14,22041,July,July 2022,2022,2022-12-02-122043
Clayton,14017.71,366,164709.09,2515,178726.8,2881,July,July 2022,2022,2022-12-02-122043
Espanola,270425.79,6118,310571.11,8811,580996.9,14929,July,July 2022,2022,2022-12-02-122043
Alto,12123.53,256,65802.24,1276,77925.77,1532,July,July 2022,2022,2022-12-02-122043
Cedar Crest,40470.5,825,45938.0,1179,86408.5,2004,July,July 2022,2022,2022-12-02-122043
Tularosa,31603.92,819,30730.85,927,62334.77,1746,July,July 2022,2022,2022-12-02-122043
Las Cruces,1508996.44,30853,1803285.08,40126,3312281.52,70979,July,July 2022,2022,2022-12-02-122043
Carlsbad,358088.22,6913,788062.79,13909,1146151.01,20822,July,July 2022,2022,2022-12-02-122043
Raton,6445.86,104,81971.81,1396,88417.67,1500,July,July 2022,2022,2022-12-02-122043
Taos,175385.98,3270,434596.92,8801,609982.9,12071,July,July 2022,2022,2022-12-02-122043
Santa Fe,1623952.31,30280,1875359.51,42101,3499311.82,72381,July,July 2022,2022,2022-12-02-122043
Roswell,535138.43,11062,478949.79,9722,1014088.21,20784,July,July 2022,2022,2022-12-02-122043
Deming,93339.58,2263,153521.15,4422,246860.73,6685,July,July 2022,2022,2022-12-02-122043
Gallup,140732.06,3071,477184.82,13908,617916.88,16979,July,July 2022,2022,2022-12-02-122043
Sunland Park,182463.39,3572,1200598.97,27071,1383062.36,30643,July,July 2022,2022,2022-12-02-122043
Belen,81504.45,1686,128461.98,3085,209966.43,4771,July,July 2022,2022,2022-12-02-122043
Cloudcroft,12337.49,220,93573.86,1593,105911.35,1813,July,July 2022,2022,2022-12-02-122043
Los Lunas,369351.45,7781,380639.98,9738,749991.43,17519,July,July 2022,2022,2022-12-02-122043
Fort Sumner,9620.4,245,25168.85,585,34789.25,830,July,July 2022,2022,2022-12-02-122043
Albuquerque,6871759.42,130786,7629141.55,185049,14500900.97,315835,July,July 2022,2022,2022-12-02-122043
Socorro,99578.72,2170,103775.66,2810,203354.37,4980,July,July 2022,2022,2022-12-02-122043
Anthony,65697.89,1326,419106.96,8412,484804.85,9738,July,July 2022,2022,2022-12-02-122043
Farmington,200676.63,4175,565631.4,14523,766308.03,18698,July,July 2022,2022,2022-12-02-122043
Truth Or Consequences,196681.25,4756,143766.31,3660,340447.56,8416,July,July 2022,2022,2022-12-02-122043
Edgewood,97684.09,2062,173793.31,4263,271477.4,6325,July,July 2022,2022,2022-12-02-122043
Tatum,12549.21,144,35674.97,463,48224.18,607,July,July 2022,2022,2022-12-02-122043
Farmington,192284.23,4214,608371.07,15643,800655.3,19857,August,August 2022,2022,2022-12-02-122043
Portales,200720.81,5172,136527.63,3597,337248.44,8769,August,August 2022,2022,2022-12-02-122043
Bernalillo,177529.14,3967,317139.01,8899,494668.15,12866,August,August 2022,2022,2022-12-02-122043
Roswell,514529.01,10768,439306.28,9894,953835.29,20662,August,August 2022,2022,2022-12-02-122043
Los Ranchos,3602.59,106,14227.07,360,17829.66,466,August,August 2022,2022,2022-12-02-122043
Tatum,16092.13,202,54605.97,680,70698.1,882,August,August 2022,2022,2022-12-02-122043
Mora,11148.5,282,19243.5,649,30392.0,931,August,August 2022,2022,2022-12-02-122043
Rio Rancho,805783.87,13926,749385.56,16483,1555169.43,30409,August,August 2022,2022,2022-12-02-122043
Albuquerque,6638657.99,129659,7990078.34,199684,14628736.33,329343,August,August 2022,2022,2022-12-02-122043
Madrid,10827.54,226,43530.12,956,54357.66,1182,August,August 2022,2022,2022-12-02-122043
Lovington,3224.64,89,5375.24,141,8599.88,230,August,August 2022,2022,2022-12-02-122043
Estancia,5517.41,151,18165.31,550,23682.72,701,August,August 2022,2022,2022-12-02-122043
Las Cruces,1486373.89,31025,1822393.37,41688,3308767.27,72713,August,August 2022,2022,2022-12-02-122043
Moriarty,16130.49,393,54409.63,1408,70540.12,1801,August,August 2022,2022,2022-12-02-122043
Logan,2941.79,79,15701.65,324,18643.44,403,August,August 2022,2022,2022-12-02-122043
Carlsbad,370620.92,7165,794310.71,14337,1164931.63,21502,August,August 2022,2022,2022-12-02-122043
Las Vegas,206085.2,4869,220977.82,5923,427063.02,10792,August,August 2022,2022,2022-12-02-122043
Placitas,33107.77,576,19989.4,518,53097.17,1094,August,August 2022,2022,2022-12-02-122043
Fort Sumner,11609.48,280,26468.25,651,38077.73,931,August,August 2022,2022,2022-12-02-122043
Clovis,436190.63,10068,674106.32,11861,1110296.95,21929,August,August 2022,2022,2022-12-02-122043
Gallup,122636.5,2848,464439.87,14529,587076.37,17377,August,August 2022,2022,2022-12-02-122043
Ruidoso,336641.68,6343,741639.67,13390,1078281.35,19733,August,August 2022,2022,2022-12-02-122043
Chama,1859.22,44,15176.42,370,17035.64,414,August,August 2022,2022,2022-12-02-122043
Aztec,10310.08,210,51318.73,1198,61628.81,1408,August,August 2022,2022,2022-12-02-122043
Tucumcari,63823.65,1572,292927.47,4627,356751.12,6199,August,August 2022,2022,2022-12-02-122043
Chaparral,43911.01,928,262622.37,5745,306533.38,6673,August,August 2022,2022,2022-12-02-122043
Socorro,101909.12,2129,108160.33,2837,210069.45,4966,August,August 2022,2022,2022-12-02-122043
Raton,8773.21,162,78709.28,1388,87482.49,1550,August,August 2022,2022,2022-12-02-122043
Grants,159046.8,3424,183365.25,4545,342412.05,7969,August,August 2022,2022,2022-12-02-122043
Clayton,16134.48,388,154018.51,2390,170152.99,2778,August,August 2022,2022,2022-12-02-122043
Anthony,60111.42,1231,442017.01,9275,502128.43,10506,August,August 2022,2022,2022-12-02-122043
Sunland Park,178846.03,3384,1348342.03,28464,1527188.06,31848,August,August 2022,2022,2022-12-02-122043
Alamogordo,543689.69,11649,436880.15,11168,980569.84,22817,August,August 2022,2022,2022-12-02-122043
Belen,93976.49,2012,144447.2,3625,238423.69,5637,August,August 2022,2022,2022-12-02-122043
Eagle Nest,6332.36,119,43943.15,809,50275.51,928,August,August 2022,2022,2022-12-02-122043
Peralta,5525.3,180,17282.88,572,22808.18,752,August,August 2022,2022,2022-12-02-122043
Los Lunas,347386.9,7296,391401.89,9955,738788.79,17251,August,August 2022,2022,2022-12-02-122043
Corrales,45425.4,635,46370.0,849,91795.4,1484,August,August 2022,2022,2022-12-02-122043
Los Alamos,25105.44,369,47937.4,995,73042.84,1364,August,August 2022,2022,2022-12-02-122043
Santa Fe,1612245.91,29803,1927480.47,43569,3539726.38,73372,August,August 2022,2022,2022-12-02-122043
Espanola,244149.8,5574,304511.92,8762,548661.72,14336,August,August 2022,2022,2022-12-02-122043
Deming,100982.61,2315,151863.7,4564,252846.31,6879,August,August 2022,2022,2022-12-02-122043
Texico,6320.0,123,71685.99,1003,78005.99,1126,August,August 2022,2022,2022-12-02-122043
Questa,4957.95,109,9207.84,219,14165.78,328,August,August 2022,2022,2022-12-02-122043
Alto,11963.08,247,56392.89,1182,68355.97,1429,August,August 2022,2022,2022-12-02-122043
Cloudcroft,14982.29,271,93957.52,1599,108939.81,1870,August,August 2022,2022,2022-12-02-122043
Silver City,225881.28,5196,195509.51,5317,421390.79,10513,August,August 2022,2022,2022-12-02-122043
Tularosa,34617.01,879,30482.33,967,65099.34,1846,August,August 2022,2022,2022-12-02-122043
Edgewood,104494.82,2027,162347.83,4062,266842.65,6089,August,August 2022,2022,2022-12-02-122043
Truth Or Consequences,207593.56,4944,163076.55,4063,370670.11,9007,August,August 2022,2022,2022-12-02-122043
Taos,175879.67,3118,410625.33,8476,586505.0,11594,August,August 2022,2022,2022-12-02-122043
Hobbs,363407.65,6265,1295118.07,16502,1658525.72,22767,August,August 2022,2022,2022-12-02-122043
Cedar Crest,38053.25,793,51766.69,1310,89819.94,2103,August,August 2022,2022,2022-12-02-122043
Las Cruces,1348149.64,28556,1667544.88,40275,3015694.52,68831,September,September 2022,2022,2022-12-02-122043
Bernalillo,172307.38,3658,319113.29,8729,491420.67,12387,September,September 2022,2022,2022-12-02-122043
Las Vegas,201906.11,4852,241076.99,6595,442983.1,11447,September,September 2022,2022,2022-12-02-122043
White Rock,4768.38,119,13370.72,418,18139.1,537,September,September 2022,2022,2022-12-02-122043
Chama,1972.1,37,23145.7,503,25117.8,540,September,September 2022,2022,2022-12-02-122043
Hobbs,338013.22,5940,1390524.42,17439,1728537.64,23379,September,September 2022,2022,2022-12-02-122043
Alto,11489.43,233,50009.14,1099,61498.57,1332,September,September 2022,2022,2022-12-02-122043
Tatum,20326.53,237,73718.17,779,94044.7,1016,September,September 2022,2022,2022-12-02-122043
Alamogordo,488603.95,10274,431101.83,10586,919705.78,20860,September,September 2022,2022,2022-12-02-122043
Socorro,82709.35,1796,97020.96,2772,179730.31,4568,September,September 2022,2022,2022-12-02-122043
Grants,141069.38,3062,162430.76,4263,303500.14,7325,September,September 2022,2022,2022-12-02-122043
Edgewood,95321.1,1908,153681.47,3945,249002.57,5853,September,September 2022,2022,2022-12-02-122043
Kirtland,404.2,17,5587.16,222,5991.36,239,September,September 2022,2022,2022-12-02-122043
Moriarty,23704.98,500,61650.72,1637,85355.7,2137,September,September 2022,2022,2022-12-02-122043
Tularosa,31628.46,858,29108.65,925,60737.11,1783,September,September 2022,2022,2022-12-02-122043
Cedar Crest,35572.5,723,48975.25,1294,84547.75,2017,September,September 2022,2022,2022-12-02-122043
Corrales,35320.8,542,41747.0,849,77067.8,1391,September,September 2022,2022,2022-12-02-122043
Clovis,420853.03,9739,703361.78,11992,1124214.81,21731,September,September 2022,2022,2022-12-02-122043
Aztec,7757.81,156,63332.24,1476,71090.05,1632,September,September 2022,2022,2022-12-02-122043
Los Ranchos,3316.71,91,16031.8,377,19348.51,468,September,September 2022,2022,2022-12-02-122043
Albuquerque,6233615.75,121756,7895816.88,200700,14129432.63,322456,September,September 2022,2022,2022-12-02-122043
Ruidoso,332519.21,6184,632208.48,12365,964727.69,18549,September,September 2022,2022,2022-12-02-122043
Cuba,0.0,0,45.99,1,45.99,1,September,September 2022,2022,2022-12-02-122043
Tucumcari,63283.88,1506,305929.3,4627,369213.18,6133,September,September 2022,2022,2022-12-02-122043
Madrid,9443.39,210,45851.47,1055,55294.86,1265,September,September 2022,2022,2022-12-02-122043
Clayton,12925.45,340,160957.67,2403,173883.12,2743,September,September 2022,2022,2022-12-02-122043
Gallup,126672.24,2843,500405.61,14844,627077.85,17687,September,September 2022,2022,2022-12-02-122043
Los Alamos,28734.68,401,50212.78,1001,78947.46,1402,September,September 2022,2022,2022-12-02-122043
Sunland Park,183145.32,3334,1368464.8,28494,1551610.12,31828,September,September 2022,2022,2022-12-02-122043
Carlsbad,339044.13,6786,817499.22,14756,1156543.35,21542,September,September 2022,2022,2022-12-02-122043
Deming,136643.23,3196,218212.23,6505,354855.46,9701,September,September 2022,2022,2022-12-02-122043
Taos,158487.47,2886,402288.01,8852,560775.48,11738,September,September 2022,2022,2022-12-02-122043
Lovington,11263.3,249,23769.09,575,35032.39,824,September,September 2022,2022,2022-12-02-122043
Placitas,25614.05,454,16594.56,465,42208.61,919,September,September 2022,2022,2022-12-02-122043
Peralta,17424.5,543,28969.24,961,46393.74,1504,September,September 2022,2022,2022-12-02-122043
Silver City,183226.24,4215,177719.57,4873,360945.81,9088,September,September 2022,2022,2022-12-02-122043
Eagle Nest,6327.81,124,40369.74,758,46697.55,882,September,September 2022,2022,2022-12-02-122043
Los Lunas,322256.9,6607,375251.97,9402,697508.87,16009,September,September 2022,2022,2022-12-02-122043
Raton,8844.86,156,78756.91,1344,87601.77,1500,September,September 2022,2022,2022-12-02-122043
Farmington,193079.74,3985,658121.81,17103,851201.55,21088,September,September 2022,2022,2022-12-02-122043
Portales,178727.01,4720,135235.74,3482,313962.75,8202,September,September 2022,2022,2022-12-02-122043
Bosque Farms,2555.38,94,3285.0,120,5840.38,214,September,September 2022,2022,2022-12-02-122043
Santa Fe,1470864.28,27335,1854688.92,42500,3325553.2,69835,September,September 2022,2022,2022-12-02-122043
Cloudcroft,16117.27,299,95099.33,1626,111216.6,1925,September,September 2022,2022,2022-12-02-122043
Questa,1242.43,33,2532.99,78,3775.42,111,September,September 2022,2022,2022-12-02-122043
Artesia,18720.01,495,31444.12,892,50164.13,1387,September,September 2022,2022,2022-12-02-122043
Fort Sumner,11713.38,301,27598.46,602,39311.84,903,September,September 2022,2022,2022-12-02-122043
Rio Rancho,739068.55,12849,722146.98,16022,1461215.53,28871,September,September 2022,2022,2022-12-02-122043
Espanola,240927.29,5546,303820.41,8918,544747.7,14464,September,September 2022,2022,2022-12-02-122043
Truth Or Consequences,194735.87,4724,162218.4,4102,356954.27,8826,September,September 2022,2022,2022-12-02-122043
Mora,7122.11,223,22088.72,753,29210.83,976,September,September 2022,2022,2022-12-02-122043
Chaparral,51822.75,1023,340374.6,7128,392197.35,8151,September,September 2022,2022,2022-12-02-122043
Mesilla,83.85,4,99.29,6,183.14,10,September,September 2022,2022,2022-12-02-122043
Roswell,469184.86,10128,443469.58,10056,912654.44,20184,September,September 2022,2022,2022-12-02-122043
Belen,76875.42,1641,130101.39,3354,206976.81,4995,September,September 2022,2022,2022-12-02-122043
Estancia,6131.92,176,16367.69,544,22499.61,720,September,September 2022,2022,2022-12-02-122043
Logan,2729.25,72,11563.32,286,14292.57,358,September,September 2022,2022,2022-12-02-122043
Texico,4178.99,88,69345.14,876,73524.13,964,September,September 2022,2022,2022-12-02-122043
Anthony,70382.87,1412,468937.45,10120,539320.32,11532,September,September 2022,2022,2022-12-02-122043
Chama,1375.5,37,17559.2,392,18934.7,429,October,October 2022,2022,2022-12-02-122043
Eagle Nest,5936.87,102,36083.97,724,42020.84,826,October,October 2022,2022,2022-12-02-122043
Bernalillo,161418.59,3485,315536.37,8680,476954.96,12165,October,October 2022,2022,2022-12-02-122043
Carlsbad,323157.18,6514,815942.14,14655,1139099.32,21169,October,October 2022,2022,2022-12-02-122043
Belen,84848.44,1866,150930.23,3956,235778.67,5822,October,October 2022,2022,2022-12-02-122043
Bosque Farms,2193.43,81,4112.5,187,6305.93,268,October,October 2022,2022,2022-12-02-122043
Clayton,10419.51,295,154753.73,2414,165173.24,2709,October,October 2022,2022,2022-12-02-122043
Aztec,6418.53,136,72869.93,1564,79288.46,1700,October,October 2022,2022,2022-12-02-122043
Mesilla,329.0,11,1533.12,53,1862.12,64,October,October 2022,2022,2022-12-02-122043
Santa Fe,1365988.07,25397,1840011.29,42492,3205999.36,67889,October,October 2022,2022,2022-12-02-122043
Taos,135422.41,2519,360385.06,8104,495807.47,10623,October,October 2022,2022,2022-12-02-122043
Cedar Crest,28270.28,600,42257.16,1160,70527.44,1760,October,October 2022,2022,2022-12-02-122043
Gallup,122192.02,2847,499301.28,15733,621493.3,18580,October,October 2022,2022,2022-12-02-122043
Tucumcari,71654.93,1572,318620.69,4838,390275.62,6410,October,October 2022,2022,2022-12-02-122043
Estancia,6273.35,174,15873.13,545,22146.48,719,October,October 2022,2022,2022-12-02-122043
Artesia,45922.58,1078,78421.47,2215,124344.05,3293,October,October 2022,2022,2022-12-02-122043
Deming,134314.63,3084,234800.42,6869,369115.05,9953,October,October 2022,2022,2022-12-02-122043
Kirtland,4012.75,126,38658.88,1368,42671.63,1494,October,October 2022,2022,2022-12-02-122043
Placitas,21772.25,356,13575.0,338,35347.25,694,October,October 2022,2022,2022-12-02-122043
Silver City,167644.98,3883,172006.87,4716,339651.85,8599,October,October 2022,2022,2022-12-02-122043
Los Lunas,286146.09,5683,362861.86,9159,649007.95,14842,October,October 2022,2022,2022-12-02-122043
Roswell,435145.85,9686,477090.8,10275,912236.65,19961,October,October 2022,2022,2022-12-02-122043
Edgewood,91701.35,1951,154788.48,4021,246489.83,5972,October,October 2022,2022,2022-12-02-122043
Los Alamos,25596.64,341,48630.79,948,74227.43,1289,October,October 2022,2022,2022-12-02-122043
Clovis,397906.17,9356,713010.36,12567,1110916.53,21923,October,October 2022,2022,2022-12-02-122043
Mora,5196.48,143,20940.29,649,26136.77,792,October,October 2022,2022,2022-12-02-122043
Chaparral,54935.87,959,373271.43,7820,428207.3,8779,October,October 2022,2022,2022-12-02-122043
Alto,8110.37,161,45005.61,879,53115.98,1040,October,October 2022,2022,2022-12-02-122043
Rio Rancho,732223.53,12405,768998.67,17027,1501222.2,29432,October,October 2022,2022,2022-12-02-122043
Grants,127608.84,2817,164104.67,4311,291713.51,7128,October,October 2022,2022,2022-12-02-122043
Alamogordo,446878.48,9865,428790.64,10771,875669.12,20636,October,October 2022,2022,2022-12-02-122043
Texico,4023.18,102,59081.73,914,63104.91,1016,October,October 2022,2022,2022-12-02-122043
Moriarty,25113.0,586,68640.2,1697,93753.2,2283,October,October 2022,2022,2022-12-02-122043
Las Cruces,1294269.72,27501,1733497.35,42179,3027767.07,69680,October,October 2022,2022,2022-12-02-122043
Sunland Park,191717.3,3255,1532778.57,31211,1724495.87,34466,October,October 2022,2022,2022-12-02-122043
White Rock,8622.51,170,17206.31,445,25828.82,615,October,October 2022,2022,2022-12-02-122043
Questa,123.62,3,132.4,3,256.02,6,October,October 2022,2022,2022-12-02-122043
Cloudcroft,12600.43,249,73467.65,1333,86068.08,1582,October,October 2022,2022,2022-12-02-122043
Las Vegas,175823.98,4245,225176.08,6266,401000.06,10511,October,October 2022,2022,2022-12-02-122043
Los Ranchos,3333.41,83,17387.2,362,20720.61,445,October,October 2022,2022,2022-12-02-122043
Cuba,4740.59,126,53078.21,1668,57818.8,1794,October,October 2022,2022,2022-12-02-122043
Raton,7001.66,160,83467.16,1339,90468.82,1499,October,October 2022,2022,2022-12-02-122043
Peralta,21419.55,635,38001.66,1199,59421.21,1834,October,October 2022,2022,2022-12-02-122043
Espanola,219657.12,4963,292934.82,8513,512591.94,13476,October,October 2022,2022,2022-12-02-122043
Portales,174300.25,4621,134627.93,3766,308928.18,8387,October,October 2022,2022,2022-12-02-122043
Anthony,77943.11,1523,543672.11,11308,621615.22,12831,October,October 2022,2022,2022-12-02-122043
Fort Sumner,8479.01,227,21426.07,519,29905.08,746,October,October 2022,2022,2022-12-02-122043
Albuquerque,6026388.58,118219,8104520.48,206660,14130909.06,324879,October,October 2022,2022,2022-12-02-122043
Lovington,12677.59,245,28236.53,659,40914.12,904,October,October 2022,2022,2022-12-02-122043
Tularosa,30932.46,725,28911.32,901,59843.78,1626,October,October 2022,2022,2022-12-02-122043
Madrid,8174.33,193,48809.99,1108,56984.32,1301,October,October 2022,2022,2022-12-02-122043
Hobbs,324166.95,5561,1477676.98,18309,1801843.93,23870,October,October 2022,2022,2022-12-02-122043
Truth Or Consequences,175301.49,4205,162388.0,4070,337689.49,8275,October,October 2022,2022,2022-12-02-122043
Corrales,38625.0,492,42928.9,827,81553.9,1319,October,October 2022,2022,2022-12-02-122043
Farmington,180960.51,3823,668400.73,17942,849361.24,21765,October,October 2022,2022,2022-12-02-122043
Socorro,69694.38,1451,97051.79,2654,166746.17,4105,October,October 2022,2022,2022-12-02-122043
Ruidoso,288617.49,5568,626493.14,12260,915110.63,17828,October,October 2022,2022,2022-12-02-122043
Jal,28.5,1,34822.02,482,34850.52,483,October,October 2022,2022,2022-12-02-122043
Tatum,15643.25,189,78456.02,829,94099.27,1018,October,October 2022,2022,2022-12-02-122043
Edgewood,98451.21,1951,147262.41,3622,245713.62,5573,November,November 2022,2022,2022-12-02-122043
Las Cruces,1204719.09,25224,1734341.78,42242,2939060.87,67466,November,November 2022,2022,2022-12-02-122043
Red River,178.48,10,13227.84,253,13406.32,263,November,November 2022,2022,2022-12-02-122043
Los Lunas,254227.85,5027,325825.41,8267,580053.26,13294,November,November 2022,2022,2022-12-02-122043
Alamogordo,448644.91,9452,413541.72,10155,862186.63,19607,November,November 2022,2022,2022-12-02-122043
Bernalillo,142928.84,3186,285395.48,7956,428324.32,11142,November,November 2022,2022,2022-12-02-122043
Bloomfield,0.0,0,9764.09,345,9764.09,345,November,November 2022,2022,2022-12-02-122043
Texico,7802.91,236,94869.59,1383,102672.5,1619,November,November 2022,2022,2022-12-02-122043
Hobbs,343005.38,5571,1538034.39,18278,1881039.77,23849,November,November 2022,2022,2022-12-02-122043
Fort Sumner,9235.54,222,22451.97,500,31687.51,722,November,November 2022,2022,2022-12-02-122043
Gallup,115994.15,2607,500670.62,15764,616664.77,18371,November,November 2022,2022,2022-12-02-122043
Albuquerque,5639754.73,109072,7718417.84,193838,13358172.56,302910,November,November 2022,2022,2022-12-02-122043
Moriarty,23838.6,545,68154.73,1737,91993.33,2282,November,November 2022,2022,2022-12-02-122043
Chaparral,56259.43,996,422141.11,8476,478400.54,9472,November,November 2022,2022,2022-12-02-122043
Tatum,12867.24,163,77044.06,748,89911.3,911,November,November 2022,2022,2022-12-02-122043
Sunland Park,185090.48,3089,1612156.29,33066,1797246.77,36155,November,November 2022,2022,2022-12-02-122043
Roswell,422367.51,8807,486426.07,10378,908793.58,19185,November,November 2022,2022,2022-12-02-122043
Clayton,10527.48,263,142999.92,2196,153527.4,2459,November,November 2022,2022,2022-12-02-122043
Bosque Farms,3404.49,112,8554.98,278,11959.47,390,November,November 2022,2022,2022-12-02-122043
Raton,6154.35,133,62865.75,1164,69020.1,1297,November,November 2022,2022,2022-12-02-122043
Cedar Crest,24941.21,482,34949.13,935,59890.34,1417,November,November 2022,2022,2022-12-02-122043
Cuba,3664.13,96,57943.14,1836,61607.27,1932,November,November 2022,2022,2022-12-02-122043
Los Ranchos,2299.3,59,13443.57,331,15742.87,390,November,November 2022,2022,2022-12-02-122043
Estancia,5859.71,164,12875.21,390,18734.92,554,November,November 2022,2022,2022-12-02-122043
Socorro,68033.02,1443,80015.6,2313,148048.62,3756,November,November 2022,2022,2022-12-02-122043
Mora,5186.8,126,19526.72,549,24713.52,675,November,November 2022,2022,2022-12-02-122043
Farmington,168122.08,3475,685673.87,18667,853795.95,22142,November,November 2022,2022,2022-12-02-122043
Jal,1190.6,26,98159.12,1481,99349.72,1507,November,November 2022,2022,2022-12-02-122043
Tularosa,35168.05,771,35781.57,875,70949.62,1646,November,November 2022,2022,2022-12-02-122043
Truth Or Consequences,167452.8,3933,158840.12,4005,326292.92,7938,November,November 2022,2022,2022-12-02-122043
Carlsbad,364035.62,6375,838966.78,14274,1203002.4,20649,November,November 2022,2022,2022-12-02-122043
Kirtland,3966.5,116,42264.0,1527,46230.5,1643,November,November 2022,2022,2022-12-02-122043
Madrid,6252.48,110,30358.65,636,36611.13,746,November,November 2022,2022,2022-12-02-122043
Eagle Nest,4594.37,86,28463.78,618,33058.15,704,November,November 2022,2022,2022-12-02-122043
Grants,123122.29,2604,155435.91,4085,278558.2,6689,November,November 2022,2022,2022-12-02-122043
Ruidoso,285415.02,5208,591838.46,11402,877253.48,16610,November,November 2022,2022,2022-12-02-122043
Placitas,22572.96,406,14997.94,364,37570.9,770,November,November 2022,2022,2022-12-02-122043
Lovington,17360.96,338,33031.17,852,50392.13,1190,November,November 2022,2022,2022-12-02-122043
Corrales,36219.5,449,40180.06,700,76399.56,1149,November,November 2022,2022,2022-12-02-122043
Portales,176087.13,4226,149002.59,3701,325089.72,7927,November,November 2022,2022,2022-12-02-122043
Peralta,19804.36,572,38548.85,1230,58353.21,1802,November,November 2022,2022,2022-12-02-122043
Chama,1966.3,42,10348.25,255,12314.55,297,November,November 2022,2022,2022-12-02-122043
Deming,127809.56,2850,239725.2,6923,367534.76,9773,November,November 2022,2022,2022-12-02-122043
Rio Rancho,706694.08,11653,750062.79,16434,1456756.87,28087,November,November 2022,2022,2022-12-02-122043
Belen,88558.5,2053,171170.26,4525,259728.76,6578,November,November 2022,2022,2022-12-02-122043
Alto,7472.66,150,38137.85,816,45610.51,966,November,November 2022,2022,2022-12-02-122043
White Rock,9679.91,172,18685.54,463,28365.45,635,November,November 2022,2022,2022-12-02-122043
Los Alamos,29110.63,362,55141.19,947,84251.82,1309,November,November 2022,2022,2022-12-02-122043
Mesilla,660.61,16,6003.03,179,6663.64,195,November,November 2022,2022,2022-12-02-122043
Santa Fe,1281222.84,23158,1723176.81,39568,3004399.65,62726,November,November 2022,2022,2022-12-02-122043
Anthony,76021.99,1473,574260.85,11236,650282.84,12709,November,November 2022,2022,2022-12-02-122043
Tucumcari,68254.1,1576,283429.27,4391,351683.37,5967,November,November 2022,2022,2022-12-02-122043
Taos,123391.88,2424,316830.1,7031,440221.98,9455,November,November 2022,2022,2022-12-02-122043
Questa,471.21,13,456.55,18,927.77,31,November,November 2022,2022,2022-12-02-122043
Artesia,53907.77,1018,105393.24,2398,159301.01,3416,November,November 2022,2022,2022-12-02-122043
Aztec,7090.56,131,64900.59,1631,71991.15,1762,November,November 2022,2022,2022-12-02-122043
Las Vegas,161465.95,3767,195944.77,5496,357410.72,9263,November,November 2022,2022,2022-12-02-122043
Silver City,170225.92,3844,166767.5,4389,336993.42,8233,November,November 2022,2022,2022-12-02-122043
Clovis,395809.94,8718,692817.63,12007,1088627.58,20725,November,November 2022,2022,2022-12-02-122043
Espanola,205325.54,4635,269509.8,7742,474835.34,12377,November,November 2022,2022,2022-12-02-122043
Cloudcroft,9369.83,174,63651.51,1081,73021.34,1255,November,November 2022,2022,2022-12-02-122043
