City,MedicalSales,MedicalTickets,RecSales,RecTickets,TotalSales,TotalTickets,Month,MonthYear,Year,acquired_datestamp,border
Los Alamos,922.9,0,1038.9,0,1961.8,0,April,April 2022,2022,2022-11-04-145018,
Bernalillo,161040.88,0,277935.32,0,438976.2,0,April,April 2022,2022,2022-11-04-145018,
Cedar Crest,51934.92,0,56301.59,0,108236.51,0,April,April 2022,2022,2022-11-04-145018,
Sunland Park,225550.66,0,1177048.03,0,1402598.69,0,April,April 2022,2022,2022-11-04-145018,Texas
Taos,174485.02,0,324947.63,0,499432.65,0,April,April 2022,2022,2022-11-04-145018,
Fort Lauderdale,245.0,0,174.0,0,419.0,0,April,April 2022,2022,2022-11-04-145018,
Texico,1748.95,0,15526.41,0,17275.36,0,April,April 2022,2022,2022-11-04-145018,Texas
Alto,15400.47,0,41513.69,0,56914.16,0,April,April 2022,2022,2022-11-04-145018,
Tularosa,39771.1,0,39470.26,0,79241.36,0,April,April 2022,2022,2022-11-04-145018,
Placitas,47566.0,0,33489.98,0,81055.98,0,April,April 2022,2022,2022-11-04-145018,
Clayton,15813.42,0,71407.22,0,87220.64,0,April,April 2022,2022,2022-11-04-145018,Texas
Corrales,46098.15,0,57789.45,0,103887.6,0,April,April 2022,2022,2022-11-04-145018,
Alamogordo,653106.03,0,469384.1,0,1122490.13,0,April,April 2022,2022,2022-11-04-145018,
Rio Rancho,944124.0,0,749123.89,0,1693247.89,0,April,April 2022,2022,2022-11-04-145018,
Espanola,300752.68,0,327420.34,0,628173.02,0,April,April 2022,2022,2022-11-04-145018,
Las Cruces,1565586.54,0,2064668.01,0,3630254.55,0,April,April 2022,2022,2022-11-04-145018,Texas
Grants,157992.95,0,196174.45,0,354167.4,0,April,April 2022,2022,2022-11-04-145018,
Belen,13986.19,0,17861.83,0,31848.02,0,April,April 2022,2022,2022-11-04-145018,
Raton,10272.23,0,50969.02,0,61241.25,0,April,April 2022,2022,2022-11-04-145018,
Ruidoso,313637.85,0,499402.42,0,813040.27,0,April,April 2022,2022,2022-11-04-145018,
Madrid,165.2,0,40840.31,0,41005.51,0,April,April 2022,2022,2022-11-04-145018,
Deming,101735.0,0,139882.86,0,241617.86,0,April,April 2022,2022,2022-11-04-145018,
Roswell,673261.97,0,2364.11,0,675626.08,0,April,April 2022,2022,2022-11-04-145018,Texas
Edgewood,119930.86,0,216430.13,0,336360.99,0,April,April 2022,2022,2022-11-04-145018,
Santa Fe,1633141.88,0,1831441.87,0,3464583.75,0,April,April 2022,2022,2022-11-04-145018,
Estancia,1327.62,0,4853.36,0,6180.98,0,April,April 2022,2022,2022-11-04-145018,
Farmington,252173.36,0,413943.79,0,666117.15,0,April,April 2022,2022,2022-11-04-145018,
Hobbs,422857.57,0,1316810.97,0,1739668.54,0,April,April 2022,2022,2022-11-04-145018,Texas
Los Lunas,444665.65,0,471172.54,0,915838.19,0,April,April 2022,2022,2022-11-04-145018,
Truth Or Consequences,218104.77,0,156716.45,0,374821.22,0,April,April 2022,2022,2022-11-04-145018,
Anthony,2238.99,0,25090.77,0,27329.76,0,April,April 2022,2022,2022-11-04-145018,Texas
Portales,229025.31,0,168896.66,0,397921.97,0,April,April 2022,2022,2022-11-04-145018,Texas
Cloudcroft,420.0,0,1345.0,0,1765.0,0,April,April 2022,2022,2022-11-04-145018,
Socorro,134261.63,0,149356.73,0,283618.37,0,April,April 2022,2022,2022-11-04-145018,
Carlsbad,387158.83,0,719082.45,0,1106241.28,0,April,April 2022,2022,2022-11-04-145018,Texas
Clovis,478456.34,0,804083.28,0,1282539.62,0,April,April 2022,2022,2022-11-04-145018,Texas
Gallup,147166.66,0,631475.8,0,778642.46,0,April,April 2022,2022,2022-11-04-145018,
Albuquerque,6870882.34,0,7990315.28,0,14861197.63,0,April,April 2022,2022,2022-11-04-145018,
Silver City,240872.55,0,185893.22,0,426765.77,0,April,April 2022,2022,2022-11-04-145018,
Tucumcari,33735.33,0,147597.25,0,181332.58,0,April,April 2022,2022,2022-11-04-145018,
Las Vegas,235130.01,0,226299.14,0,461429.15,0,April,April 2022,2022,2022-11-04-145018,
Alto,14353.39,0,44479.58,0,58832.97,0,May,May 2022,2022,2022-11-04-145018,
Clayton,13041.28,0,87996.94,0,101038.22,0,May,May 2022,2022,2022-11-04-145018,Texas
Texico,4071.98,0,52175.72,0,56247.7,0,May,May 2022,2022,2022-11-04-145018,Texas
Tularosa,36098.2,0,33933.95,0,70032.15,0,May,May 2022,2022,2022-11-04-145018,
Taos,187993.38,0,332387.35,0,520380.73,0,May,May 2022,2022,2022-11-04-145018,
Los Lunas,418150.8,0,385759.47,0,803910.27,0,May,May 2022,2022,2022-11-04-145018,
Ruidoso,353141.65,0,555675.28,0,908816.93,0,May,May 2022,2022,2022-11-04-145018,
Chaparral,3741.3,0,4764.89,0,8506.19,0,May,May 2022,2022,2022-11-04-145018,Texas
Eagle Nest,1149.37,0,3184.25,0,4333.62,0,May,May 2022,2022,2022-11-04-145018,
Truth Or Consequences,220873.91,0,140918.69,0,361792.6,0,May,May 2022,2022,2022-11-04-145018,
Las Cruces,1561108.32,0,1769172.43,0,3330280.75,0,May,May 2022,2022,2022-11-04-145018,Texas
Gallup,152929.41,0,475993.69,0,628923.1,0,May,May 2022,2022,2022-11-04-145018,
Edgewood,116129.26,0,195940.02,0,312069.28,0,May,May 2022,2022,2022-11-04-145018,
Las Vegas,169077.43,0,152794.03,0,321871.46,0,May,May 2022,2022,2022-11-04-145018,
Socorro,127906.58,0,133870.86,0,261777.44,0,May,May 2022,2022,2022-11-04-145018,
Carlsbad,375399.17,0,705142.14,0,1080541.31,0,May,May 2022,2022,2022-11-04-145018,Texas
Estancia,2897.49,0,11771.16,0,14668.65,0,May,May 2022,2022,2022-11-04-145018,
Rio Rancho,960464.41,0,762454.58,0,1722918.99,0,May,May 2022,2022,2022-11-04-145018,
Clovis,447645.07,0,681381.78,0,1129026.85,0,May,May 2022,2022,2022-11-04-145018,Texas
Cedar Crest,47683.21,0,56005.0,0,103688.21,0,May,May 2022,2022,2022-11-04-145018,
Cloudcroft,2864.5,0,17385.1,0,20249.6,0,May,May 2022,2022,2022-11-04-145018,
Grants,166202.65,0,186269.4,0,352472.05,0,May,May 2022,2022,2022-11-04-145018,
Farmington,237083.56,0,403494.77,0,640578.33,0,May,May 2022,2022,2022-11-04-145018,
Los Ranchos,1013.99,0,3687.23,0,4701.22,0,May,May 2022,2022,2022-11-04-145018,
Tucumcari,55579.45,0,199530.36,0,255109.81,0,May,May 2022,2022,2022-11-04-145018,
Deming,107660.51,0,160245.1,0,267905.61,0,May,May 2022,2022,2022-11-04-145018,
Silver City,236822.73,0,161314.06,0,398136.79,0,May,May 2022,2022,2022-11-04-145018,
Espanola,297048.49,0,302497.52,0,599546.01,0,May,May 2022,2022,2022-11-04-145018,
Hobbs,409497.41,0,1202846.33,0,1612343.74,0,May,May 2022,2022,2022-11-04-145018,Texas
Questa,0.0,0,3277.89,0,3277.89,0,May,May 2022,2022,2022-11-04-145018,
Anthony,20408.76,0,283214.02,0,303622.78,0,May,May 2022,2022,2022-11-04-145018,Texas
Madrid,3148.8,0,40667.6,0,43816.4,0,May,May 2022,2022,2022-11-04-145018,
Albuquerque,7063363.36,0,7303092.01,0,14366455.37,0,May,May 2022,2022,2022-11-04-145018,
Sunland Park,208097.19,0,1273552.79,0,1481649.98,0,May,May 2022,2022,2022-11-04-145018,Texas
Corrales,41766.7,0,48066.65,0,89833.35,0,May,May 2022,2022,2022-11-04-145018,
Los Alamos,7195.92,0,16618.03,0,23813.95,0,May,May 2022,2022,2022-11-04-145018,
Portales,209195.07,0,152356.64,0,361551.71,0,May,May 2022,2022,2022-11-04-145018,Texas
Alamogordo,620002.24,0,436507.1,0,1056509.34,0,May,May 2022,2022,2022-11-04-145018,
Roswell,626106.04,0,145968.55,0,772074.59,0,May,May 2022,2022,2022-11-04-145018,Texas
Bernalillo,160469.41,0,254450.69,0,414920.1,0,May,May 2022,2022,2022-11-04-145018,
Santa Fe,1659071.33,0,1718789.0,0,3377860.33,0,May,May 2022,2022,2022-11-04-145018,
Belen,60985.73,0,96966.38,0,157952.11,0,May,May 2022,2022,2022-11-04-145018,
Raton,7823.5,0,57557.09,0,65380.59,0,May,May 2022,2022,2022-11-04-145018,
Placitas,41886.6,0,24146.48,0,66033.08,0,May,May 2022,2022,2022-11-04-145018,
Belen,67482.9,0,104247.4,0,171730.3,0,June,June 2022,2022,2022-11-04-145018,
Rio Rancho,925054.97,0,715786.49,0,1640841.46,0,June,June 2022,2022,2022-11-04-145018,
Fort Sumner,5718.48,0,11288.34,0,17006.82,0,June,June 2022,2022,2022-11-04-145018,
Santa Fe,1592015.26,0,1704663.35,0,3296678.61,0,June,June 2022,2022,2022-11-04-145018,
Questa,20.0,0,8246.58,0,8266.58,0,June,June 2022,2022,2022-11-04-145018,
Las Vegas,210507.08,0,196031.45,0,406538.53,0,June,June 2022,2022,2022-11-04-145018,
Los Ranchos,2519.86,0,8156.63,0,10676.49,0,June,June 2022,2022,2022-11-04-145018,
Los Alamos,16978.68,0,34429.31,0,51407.99,0,June,June 2022,2022,2022-11-04-145018,
Socorro,108383.08,0,109245.16,0,217628.24,0,June,June 2022,2022,2022-11-04-145018,
Corrales,33590.7,0,34908.0,0,68498.7,0,June,June 2022,2022,2022-11-04-145018,
Clayton,12412.88,0,136781.31,0,149194.19,0,June,June 2022,2022,2022-11-04-145018,Texas
Truth Or Consequences,202952.21,0,140286.84,0,343239.05,0,June,June 2022,2022,2022-11-04-145018,
Cloudcroft,5282.1,0,38337.5,0,43619.6,0,June,June 2022,2022,2022-11-04-145018,
Los Lunas,371796.76,0,337010.62,0,708807.38,0,June,June 2022,2022,2022-11-04-145018,
Chaparral,20177.65,0,61456.25,0,81633.9,0,June,June 2022,2022,2022-11-04-145018,Texas
Anthony,22477.58,0,345135.86,0,367613.44,0,June,June 2022,2022,2022-11-04-145018,Texas
Alamogordo,561370.7,0,445645.9,0,1007016.6,0,June,June 2022,2022,2022-11-04-145018,
Eagle Nest,7129.64,0,33338.79,0,40468.43,0,June,June 2022,2022,2022-11-04-145018,
Aztec,3090.59,0,17597.63,0,20688.22,0,June,June 2022,2022,2022-11-04-145018,
Grants,169518.11,0,160860.54,0,330378.65,0,June,June 2022,2022,2022-11-04-145018,
Taos,171247.45,0,340784.3,0,512031.75,0,June,June 2022,2022,2022-11-04-145018,
Deming,103752.14,0,133855.66,0,237607.8,0,June,June 2022,2022,2022-11-04-145018,
Clovis,407179.25,0,665759.79,0,1072939.04,0,June,June 2022,2022,2022-11-04-145018,Texas
Espanola,283213.96,0,292654.36,0,575868.32,0,June,June 2022,2022,2022-11-04-145018,
Las Cruces,1458423.92,0,1665856.0,0,3124279.92,0,June,June 2022,2022,2022-11-04-145018,Texas
Farmington,224310.3,0,471178.12,0,695488.42,0,June,June 2022,2022,2022-11-04-145018,
Hobbs,389477.52,0,1208011.22,0,1597488.74,0,June,June 2022,2022,2022-11-04-145018,Texas
Sunland Park,199698.46,0,1286670.34,0,1486368.8,0,June,June 2022,2022,2022-11-04-145018,Texas
Moriarty,0.0,0,186.7,0,186.7,0,June,June 2022,2022,2022-11-04-145018,
Texico,5245.0,0,63266.91,0,68511.91,0,June,June 2022,2022,2022-11-04-145018,Texas
Cedar Crest,40232.75,0,47030.37,0,87263.12,0,June,June 2022,2022,2022-11-04-145018,
Logan,0.0,0,5.0,0,5.0,0,June,June 2022,2022,2022-11-04-145018,Texas
Carlsbad,362535.09,0,741409.53,0,1103944.62,0,June,June 2022,2022,2022-11-04-145018,Texas
Silver City,226235.97,0,161403.41,0,387639.38,0,June,June 2022,2022,2022-11-04-145018,
Ruidoso,342937.8,0,621860.53,0,964798.34,0,June,June 2022,2022,2022-11-04-145018,
Alto,12107.1,0,45029.38,0,57136.48,0,June,June 2022,2022,2022-11-04-145018,
Roswell,538346.0,0,347353.27,0,885699.27,0,June,June 2022,2022,2022-11-04-145018,Texas
Albuquerque,6670732.25,0,6978682.78,0,13649415.02,0,June,June 2022,2022,2022-11-04-145018,
Raton,8491.14,0,72241.73,0,80732.87,0,June,June 2022,2022,2022-11-04-145018,
Edgewood,112293.07,0,190139.34,0,302432.41,0,June,June 2022,2022,2022-11-04-145018,
Gallup,137264.21,0,462250.07,0,599514.28,0,June,June 2022,2022,2022-11-04-145018,
Estancia,4544.95,0,15417.99,0,19962.94,0,June,June 2022,2022,2022-11-04-145018,
Placitas,38692.3,0,21615.6,0,60307.9,0,June,June 2022,2022,2022-11-04-145018,
Portales,198968.86,0,126625.82,0,325594.68,0,June,June 2022,2022,2022-11-04-145018,Texas
Tularosa,33134.86,0,34788.56,0,67923.42,0,June,June 2022,2022,2022-11-04-145018,
Tucumcari,61730.64,0,249428.97,0,311159.61,0,June,June 2022,2022,2022-11-04-145018,
Madrid,5590.82,0,29338.58,0,34929.4,0,June,June 2022,2022,2022-11-04-145018,
Bernalillo,179951.22,0,273210.17,0,453161.39,0,June,June 2022,2022,2022-11-04-145018,
Los Lunas,369351.45,0,380639.98,0,749991.43,0,July,July 2022,2022,2022-11-04-145018,
Chama,367.3,0,3980.57,0,4347.87,0,July,July 2022,2022,2022-11-04-145018,
Aztec,9702.94,0,57327.26,0,67030.2,0,July,July 2022,2022,2022-11-04-145018,
Socorro,99578.72,0,103775.66,0,203354.37,0,July,July 2022,2022,2022-11-04-145018,
Tucumcari,55002.8,0,296775.07,0,351777.87,0,July,July 2022,2022,2022-11-04-145018,
Texico,4567.0,0,68046.78,0,72613.78,0,July,July 2022,2022,2022-11-04-145018,Texas
Rio Rancho,873533.24,0,742207.56,0,1615740.8,0,July,July 2022,2022,2022-11-04-145018,
Portales,201548.02,0,134824.88,0,336372.9,0,July,July 2022,2022,2022-11-04-145018,Texas
Taos,175385.98,0,434596.92,0,609982.9,0,July,July 2022,2022,2022-11-04-145018,
Gallup,140732.06,0,477184.82,0,617916.88,0,July,July 2022,2022,2022-11-04-145018,
Ruidoso,354845.49,0,831991.72,0,1186837.21,0,July,July 2022,2022,2022-11-04-145018,
Carlsbad,358088.22,0,788062.79,0,1146151.01,0,July,July 2022,2022,2022-11-04-145018,Texas
Las Cruces,1501259.89,0,1796706.77,0,3297966.66,0,July,July 2022,2022,2022-11-04-145018,Texas
Madrid,8753.58,0,29696.93,0,38450.51,0,July,July 2022,2022,2022-11-04-145018,
Deming,93339.58,0,153521.15,0,246860.73,0,July,July 2022,2022,2022-11-04-145018,
Albuquerque,6839416.89,0,7604893.65,0,14444310.54,0,July,July 2022,2022,2022-11-04-145018,
Fort Sumner,9620.4,0,25168.85,0,34789.25,0,July,July 2022,2022,2022-11-04-145018,
Roswell,530776.62,0,472437.59,0,1003214.2,0,July,July 2022,2022,2022-11-04-145018,Texas
Los Ranchos,3111.0,0,13799.13,0,16910.13,0,July,July 2022,2022,2022-11-04-145018,
Grants,165644.32,0,191364.62,0,357008.94,0,July,July 2022,2022,2022-11-04-145018,
Sunland Park,182463.39,0,1200598.97,0,1383062.36,0,July,July 2022,2022,2022-11-04-145018,Texas
Belen,81504.45,0,128461.98,0,209966.43,0,July,July 2022,2022,2022-11-04-145018,
Espanola,270425.79,0,310571.11,0,580996.9,0,July,July 2022,2022,2022-11-04-145018,
Corrales,34120.2,0,38408.0,0,72528.2,0,July,July 2022,2022,2022-11-04-145018,
Farmington,200520.46,0,564765.1,0,765285.56,0,July,July 2022,2022,2022-11-04-145018,
Peralta,875.0,0,5497.18,0,6372.18,0,July,July 2022,2022,2022-11-04-145018,
Logan,5558.93,0,20091.59,0,25650.52,0,July,July 2022,2022,2022-11-04-145018,Texas
Truth Or Consequences,196681.25,0,143766.31,0,340447.56,0,July,July 2022,2022,2022-11-04-145018,
Anthony,65697.89,0,419106.96,0,484804.85,0,July,July 2022,2022,2022-11-04-145018,Texas
Chaparral,31286.62,0,128139.33,0,159425.95,0,July,July 2022,2022,2022-11-04-145018,Texas
Clovis,428416.98,0,735346.34,0,1163763.32,0,July,July 2022,2022,2022-11-04-145018,Texas
Los Alamos,20856.3,0,44256.08,0,65112.38,0,July,July 2022,2022,2022-11-04-145018,
Las Vegas,214710.66,0,221380.77,0,436091.43,0,July,July 2022,2022,2022-11-04-145018,
Clayton,14017.71,0,164709.09,0,178726.8,0,July,July 2022,2022,2022-11-04-145018,Texas
Estancia,5184.3,0,16519.48,0,21703.78,0,July,July 2022,2022,2022-11-04-145018,
Alamogordo,601524.77,0,504578.34,0,1106103.11,0,July,July 2022,2022,2022-11-04-145018,
Hobbs,363105.48,0,1258993.66,0,1622099.14,0,July,July 2022,2022,2022-11-04-145018,Texas
Cedar Crest,40470.5,0,45938.0,0,86408.5,0,July,July 2022,2022,2022-11-04-145018,
Tatum,12549.21,0,35674.97,0,48224.18,0,July,July 2022,2022,2022-11-04-145018,
Tularosa,31603.92,0,30730.85,0,62334.77,0,July,July 2022,2022,2022-11-04-145018,
Edgewood,97684.09,0,173793.31,0,271477.4,0,July,July 2022,2022,2022-11-04-145018,
Placitas,38474.96,0,19454.55,0,57929.51,0,July,July 2022,2022,2022-11-04-145018,
Questa,4860.23,0,9568.93,0,14429.17,0,July,July 2022,2022,2022-11-04-145018,
Bernalillo,184128.04,0,302760.61,0,486888.65,0,July,July 2022,2022,2022-11-04-145018,
Raton,6445.86,0,81971.81,0,88417.67,0,July,July 2022,2022,2022-11-04-145018,
Cloudcroft,12337.49,0,93573.86,0,105911.35,0,July,July 2022,2022,2022-11-04-145018,
Alto,12123.53,0,65802.24,0,77925.77,0,July,July 2022,2022,2022-11-04-145018,
Santa Fe,1622595.04,0,1873677.71,0,3496272.75,0,July,July 2022,2022,2022-11-04-145018,
Silver City,211931.65,0,168078.16,0,380009.81,0,July,July 2022,2022,2022-11-04-145018,
Moriarty,10070.97,0,27639.95,0,37710.92,0,July,July 2022,2022,2022-11-04-145018,
Eagle Nest,7562.22,0,45792.2,0,53354.42,0,July,July 2022,2022,2022-11-04-145018,
Farmington,192284.23,4214,608371.07,15643,800655.3,19857,August,August 2022,2022,2022-11-04-145018,
Portales,200720.81,5172,136527.63,3597,337248.44,8769,August,August 2022,2022,2022-11-04-145018,Texas
Bernalillo,177529.14,3967,317139.01,8899,494668.15,12866,August,August 2022,2022,2022-11-04-145018,
Roswell,514529.01,10768,439306.28,9894,953835.29,20662,August,August 2022,2022,2022-11-04-145018,Texas
Los Ranchos,3602.59,106,14227.07,360,17829.66,466,August,August 2022,2022,2022-11-04-145018,
Tatum,16092.13,202,54605.97,680,70698.1,882,August,August 2022,2022,2022-11-04-145018,
Mora,11148.5,282,19243.5,649,30392.0,931,August,August 2022,2022,2022-11-04-145018,
Rio Rancho,805783.87,13926,749385.56,16483,1555169.43,30409,August,August 2022,2022,2022-11-04-145018,
Albuquerque,6638657.99,129659,7990078.34,199684,14628736.33,329343,August,August 2022,2022,2022-11-04-145018,
Madrid,10827.54,226,43530.12,956,54357.66,1182,August,August 2022,2022,2022-11-04-145018,
Lovington,3224.64,89,5375.24,141,8599.88,230,August,August 2022,2022,2022-11-04-145018,Texas
Estancia,5517.41,151,18165.31,550,23682.72,701,August,August 2022,2022,2022-11-04-145018,
Las Cruces,1486373.89,31025,1822393.37,41688,3308767.27,72713,August,August 2022,2022,2022-11-04-145018,Texas
Moriarty,16130.49,393,54409.63,1408,70540.12,1801,August,August 2022,2022,2022-11-04-145018,
Logan,2941.79,79,15701.65,324,18643.44,403,August,August 2022,2022,2022-11-04-145018,Texas
Carlsbad,370620.92,7165,794310.71,14337,1164931.63,21502,August,August 2022,2022,2022-11-04-145018,Texas
Las Vegas,206085.2,4869,220977.82,5923,427063.02,10792,August,August 2022,2022,2022-11-04-145018,
Placitas,33107.77,576,19989.4,518,53097.17,1094,August,August 2022,2022,2022-11-04-145018,
Fort Sumner,11609.48,280,26468.25,651,38077.73,931,August,August 2022,2022,2022-11-04-145018,
Clovis,436190.63,10068,674106.32,11861,1110296.95,21929,August,August 2022,2022,2022-11-04-145018,Texas
Gallup,122636.5,2848,464439.87,14529,587076.37,17377,August,August 2022,2022,2022-11-04-145018,
Ruidoso,336641.68,6343,741639.67,13390,1078281.35,19733,August,August 2022,2022,2022-11-04-145018,
Chama,1859.22,44,15176.42,370,17035.64,414,August,August 2022,2022,2022-11-04-145018,
Aztec,10310.08,210,51318.73,1198,61628.81,1408,August,August 2022,2022,2022-11-04-145018,
Tucumcari,63823.65,1572,292927.47,4627,356751.12,6199,August,August 2022,2022,2022-11-04-145018,
Chaparral,43911.01,928,262622.37,5745,306533.38,6673,August,August 2022,2022,2022-11-04-145018,Texas
Socorro,101909.12,2129,108160.33,2837,210069.45,4966,August,August 2022,2022,2022-11-04-145018,
Raton,8773.21,162,78709.28,1388,87482.49,1550,August,August 2022,2022,2022-11-04-145018,
Grants,159046.8,3424,183365.25,4545,342412.05,7969,August,August 2022,2022,2022-11-04-145018,
Clayton,16134.48,388,154018.51,2390,170152.99,2778,August,August 2022,2022,2022-11-04-145018,Texas
Anthony,60111.42,1231,442017.01,9275,502128.43,10506,August,August 2022,2022,2022-11-04-145018,Texas
Sunland Park,178846.03,3384,1348342.03,28464,1527188.06,31848,August,August 2022,2022,2022-11-04-145018,Texas
Alamogordo,543689.69,11649,436880.15,11168,980569.84,22817,August,August 2022,2022,2022-11-04-145018,
Belen,93976.49,2012,144447.2,3625,238423.69,5637,August,August 2022,2022,2022-11-04-145018,
Eagle Nest,6332.36,119,43943.15,809,50275.51,928,August,August 2022,2022,2022-11-04-145018,
Peralta,5525.3,180,17282.88,572,22808.18,752,August,August 2022,2022,2022-11-04-145018,
Los Lunas,347386.9,7296,391401.89,9955,738788.79,17251,August,August 2022,2022,2022-11-04-145018,
Corrales,45425.4,635,46370.0,849,91795.4,1484,August,August 2022,2022,2022-11-04-145018,
Los Alamos,25105.44,369,47937.4,995,73042.84,1364,August,August 2022,2022,2022-11-04-145018,
Santa Fe,1612245.91,29803,1927480.47,43569,3539726.38,73372,August,August 2022,2022,2022-11-04-145018,
Espanola,244149.8,5574,304511.92,8762,548661.72,14336,August,August 2022,2022,2022-11-04-145018,
Deming,100982.61,2315,151863.7,4564,252846.31,6879,August,August 2022,2022,2022-11-04-145018,
Texico,6320.0,123,71685.99,1003,78005.99,1126,August,August 2022,2022,2022-11-04-145018,Texas
Questa,4957.95,109,9207.84,219,14165.78,328,August,August 2022,2022,2022-11-04-145018,
Alto,11963.08,247,56392.89,1182,68355.97,1429,August,August 2022,2022,2022-11-04-145018,
Cloudcroft,14982.29,271,93957.52,1599,108939.81,1870,August,August 2022,2022,2022-11-04-145018,
Silver City,225881.28,5196,195509.51,5317,421390.79,10513,August,August 2022,2022,2022-11-04-145018,
Tularosa,34617.01,879,30482.33,967,65099.34,1846,August,August 2022,2022,2022-11-04-145018,
Edgewood,104494.82,2027,162347.83,4062,266842.65,6089,August,August 2022,2022,2022-11-04-145018,
Truth Or Consequences,207593.56,4944,163076.55,4063,370670.11,9007,August,August 2022,2022,2022-11-04-145018,
Taos,175879.67,3118,410625.33,8476,586505.0,11594,August,August 2022,2022,2022-11-04-145018,
Hobbs,363407.65,6265,1295118.07,16502,1658525.72,22767,August,August 2022,2022,2022-11-04-145018,Texas
Cedar Crest,38053.25,793,51766.69,1310,89819.94,2103,August,August 2022,2022,2022-11-04-145018,
Las Cruces,1348149.64,28556,1667544.88,40275,3015694.52,68831,September,September 2022,2022,2022-11-04-145018,Texas
Bernalillo,172307.38,3658,319113.29,8729,491420.67,12387,September,September 2022,2022,2022-11-04-145018,
Las Vegas,201906.11,4852,241076.99,6595,442983.1,11447,September,September 2022,2022,2022-11-04-145018,
White Rock,4768.38,119,13370.72,418,18139.1,537,September,September 2022,2022,2022-11-04-145018,
Chama,1972.1,37,23145.7,503,25117.8,540,September,September 2022,2022,2022-11-04-145018,
Hobbs,338013.22,5940,1390524.42,17439,1728537.64,23379,September,September 2022,2022,2022-11-04-145018,Texas
Alto,11489.43,233,50009.14,1099,61498.57,1332,September,September 2022,2022,2022-11-04-145018,
Tatum,20326.53,237,73718.17,779,94044.7,1016,September,September 2022,2022,2022-11-04-145018,
Alamogordo,488603.95,10274,431101.83,10586,919705.78,20860,September,September 2022,2022,2022-11-04-145018,
Socorro,82709.35,1796,97020.96,2772,179730.31,4568,September,September 2022,2022,2022-11-04-145018,
Grants,141069.38,3062,162430.76,4263,303500.14,7325,September,September 2022,2022,2022-11-04-145018,
Edgewood,95321.1,1908,153681.47,3945,249002.57,5853,September,September 2022,2022,2022-11-04-145018,
Kirtland,404.2,17,5587.16,222,5991.36,239,September,September 2022,2022,2022-11-04-145018,
Moriarty,23704.98,500,61650.72,1637,85355.7,2137,September,September 2022,2022,2022-11-04-145018,
Tularosa,31628.46,858,29108.65,925,60737.11,1783,September,September 2022,2022,2022-11-04-145018,
Cedar Crest,35572.5,723,48975.25,1294,84547.75,2017,September,September 2022,2022,2022-11-04-145018,
Corrales,35320.8,542,41747.0,849,77067.8,1391,September,September 2022,2022,2022-11-04-145018,
Clovis,420853.03,9739,703361.78,11992,1124214.81,21731,September,September 2022,2022,2022-11-04-145018,Texas
Aztec,7757.81,156,63332.24,1476,71090.05,1632,September,September 2022,2022,2022-11-04-145018,
Los Ranchos,3316.71,91,16031.8,377,19348.51,468,September,September 2022,2022,2022-11-04-145018,
Albuquerque,6233615.75,121756,7895816.88,200700,14129432.63,322456,September,September 2022,2022,2022-11-04-145018,
Ruidoso,332519.21,6184,632208.48,12365,964727.69,18549,September,September 2022,2022,2022-11-04-145018,
Cuba,0.0,0,45.99,1,45.99,1,September,September 2022,2022,2022-11-04-145018,
Tucumcari,63283.88,1506,305929.3,4627,369213.18,6133,September,September 2022,2022,2022-11-04-145018,
Madrid,9443.39,210,45851.47,1055,55294.86,1265,September,September 2022,2022,2022-11-04-145018,
Clayton,12925.45,340,160957.67,2403,173883.12,2743,September,September 2022,2022,2022-11-04-145018,Texas
Gallup,126672.24,2843,500405.61,14844,627077.85,17687,September,September 2022,2022,2022-11-04-145018,
Los Alamos,28734.68,401,50212.78,1001,78947.46,1402,September,September 2022,2022,2022-11-04-145018,
Sunland Park,183145.32,3334,1368464.8,28494,1551610.12,31828,September,September 2022,2022,2022-11-04-145018,Texas
Carlsbad,339044.13,6786,817499.22,14756,1156543.35,21542,September,September 2022,2022,2022-11-04-145018,Texas
Deming,136643.23,3196,218212.23,6505,354855.46,9701,September,September 2022,2022,2022-11-04-145018,
Taos,158487.47,2886,402288.01,8852,560775.48,11738,September,September 2022,2022,2022-11-04-145018,
Lovington,11263.3,249,23769.09,575,35032.39,824,September,September 2022,2022,2022-11-04-145018,Texas
Placitas,25614.05,454,16594.56,465,42208.61,919,September,September 2022,2022,2022-11-04-145018,
Peralta,17424.5,543,28969.24,961,46393.74,1504,September,September 2022,2022,2022-11-04-145018,
Silver City,183226.24,4215,177719.57,4873,360945.81,9088,September,September 2022,2022,2022-11-04-145018,
Eagle Nest,6327.81,124,40369.74,758,46697.55,882,September,September 2022,2022,2022-11-04-145018,
Los Lunas,322256.9,6607,375251.97,9402,697508.87,16009,September,September 2022,2022,2022-11-04-145018,
Raton,8844.86,156,78756.91,1344,87601.77,1500,September,September 2022,2022,2022-11-04-145018,
Farmington,193079.74,3985,658121.81,17103,851201.55,21088,September,September 2022,2022,2022-11-04-145018,
Portales,178727.01,4720,135235.74,3482,313962.75,8202,September,September 2022,2022,2022-11-04-145018,Texas
Bosque Farms,2555.38,94,3285.0,120,5840.38,214,September,September 2022,2022,2022-11-04-145018,
Santa Fe,1470864.28,27335,1854688.92,42500,3325553.2,69835,September,September 2022,2022,2022-11-04-145018,
Cloudcroft,16117.27,299,95099.33,1626,111216.6,1925,September,September 2022,2022,2022-11-04-145018,
Questa,1242.43,33,2532.99,78,3775.42,111,September,September 2022,2022,2022-11-04-145018,
Artesia,18720.01,495,31444.12,892,50164.13,1387,September,September 2022,2022,2022-11-04-145018,
Fort Sumner,11713.38,301,27598.46,602,39311.84,903,September,September 2022,2022,2022-11-04-145018,
Rio Rancho,739068.55,12849,722146.98,16022,1461215.53,28871,September,September 2022,2022,2022-11-04-145018,
Espanola,240927.29,5546,303820.41,8918,544747.7,14464,September,September 2022,2022,2022-11-04-145018,
Truth Or Consequences,194735.87,4724,162218.4,4102,356954.27,8826,September,September 2022,2022,2022-11-04-145018,
Mora,7122.11,223,22088.72,753,29210.83,976,September,September 2022,2022,2022-11-04-145018,
Chaparral,51822.75,1023,340374.6,7128,392197.35,8151,September,September 2022,2022,2022-11-04-145018,Texas
Mesilla,83.85,4,99.29,6,183.14,10,September,September 2022,2022,2022-11-04-145018,Texas
Roswell,469184.86,10128,443469.58,10056,912654.44,20184,September,September 2022,2022,2022-11-04-145018,Texas
Belen,76875.42,1641,130101.39,3354,206976.81,4995,September,September 2022,2022,2022-11-04-145018,
Estancia,6131.92,176,16367.69,544,22499.61,720,September,September 2022,2022,2022-11-04-145018,
Logan,2729.25,72,11563.32,286,14292.57,358,September,September 2022,2022,2022-11-04-145018,Texas
Texico,4178.99,88,69345.14,876,73524.13,964,September,September 2022,2022,2022-11-04-145018,Texas
Anthony,70382.87,1412,468937.45,10120,539320.32,11532,September,September 2022,2022,2022-11-04-145018,Texas
Chama,1375.5,37,17559.2,392,18934.7,429,October,October 2022,2022,2022-11-04-145018,
Eagle Nest,5936.87,102,36083.97,724,42020.84,826,October,October 2022,2022,2022-11-04-145018,
Bernalillo,161418.59,3485,315536.37,8680,476954.96,12165,October,October 2022,2022,2022-11-04-145018,
Carlsbad,323157.18,6514,815942.14,14655,1139099.32,21169,October,October 2022,2022,2022-11-04-145018,Texas
Belen,84848.44,1866,150930.23,3956,235778.67,5822,October,October 2022,2022,2022-11-04-145018,
Bosque Farms,2193.43,81,4112.5,187,6305.93,268,October,October 2022,2022,2022-11-04-145018,
Clayton,10419.51,295,154753.73,2414,165173.24,2709,October,October 2022,2022,2022-11-04-145018,Texas
Aztec,6418.53,136,72869.93,1564,79288.46,1700,October,October 2022,2022,2022-11-04-145018,
Mesilla,329.0,11,1533.12,53,1862.12,64,October,October 2022,2022,2022-11-04-145018,Texas
Santa Fe,1365988.07,25397,1840011.29,42492,3205999.36,67889,October,October 2022,2022,2022-11-04-145018,
Taos,135422.41,2519,360385.06,8104,495807.47,10623,October,October 2022,2022,2022-11-04-145018,
Cedar Crest,28270.28,600,42257.16,1160,70527.44,1760,October,October 2022,2022,2022-11-04-145018,
Gallup,122192.02,2847,499301.28,15733,621493.3,18580,October,October 2022,2022,2022-11-04-145018,
Tucumcari,71654.93,1572,318620.69,4838,390275.62,6410,October,October 2022,2022,2022-11-04-145018,
Estancia,6273.35,174,15873.13,545,22146.48,719,October,October 2022,2022,2022-11-04-145018,
Artesia,45922.58,1078,78421.47,2215,124344.05,3293,October,October 2022,2022,2022-11-04-145018,
Deming,134314.63,3084,234800.42,6869,369115.05,9953,October,October 2022,2022,2022-11-04-145018,
Kirtland,4012.75,126,38658.88,1368,42671.63,1494,October,October 2022,2022,2022-11-04-145018,
Placitas,21772.25,356,13575.0,338,35347.25,694,October,October 2022,2022,2022-11-04-145018,
Silver City,167644.98,3883,172006.87,4716,339651.85,8599,October,October 2022,2022,2022-11-04-145018,
Los Lunas,286146.09,5683,362861.86,9159,649007.95,14842,October,October 2022,2022,2022-11-04-145018,
Roswell,435145.85,9686,477090.8,10275,912236.65,19961,October,October 2022,2022,2022-11-04-145018,Texas
Edgewood,91701.35,1951,154788.48,4021,246489.83,5972,October,October 2022,2022,2022-11-04-145018,
Los Alamos,25596.64,341,48630.79,948,74227.43,1289,October,October 2022,2022,2022-11-04-145018,
Clovis,397906.17,9356,713010.36,12567,1110916.53,21923,October,October 2022,2022,2022-11-04-145018,Texas
Mora,5196.48,143,20940.29,649,26136.77,792,October,October 2022,2022,2022-11-04-145018,
Chaparral,54935.87,959,373271.43,7820,428207.3,8779,October,October 2022,2022,2022-11-04-145018,Texas
Alto,8110.37,161,45005.61,879,53115.98,1040,October,October 2022,2022,2022-11-04-145018,
Rio Rancho,732223.53,12405,768998.67,17027,1501222.2,29432,October,October 2022,2022,2022-11-04-145018,
Grants,127608.84,2817,164104.67,4311,291713.51,7128,October,October 2022,2022,2022-11-04-145018,
Alamogordo,446878.48,9865,428790.64,10771,875669.12,20636,October,October 2022,2022,2022-11-04-145018,
Texico,4023.18,102,59081.73,914,63104.91,1016,October,October 2022,2022,2022-11-04-145018,Texas
Moriarty,25113.0,586,68640.2,1697,93753.2,2283,October,October 2022,2022,2022-11-04-145018,
Las Cruces,1294269.72,27501,1733497.35,42179,3027767.07,69680,October,October 2022,2022,2022-11-04-145018,Texas
Sunland Park,191717.3,3255,1532778.57,31211,1724495.87,34466,October,October 2022,2022,2022-11-04-145018,Texas
White Rock,8622.51,170,17206.31,445,25828.82,615,October,October 2022,2022,2022-11-04-145018,
Questa,123.62,3,132.4,3,256.02,6,October,October 2022,2022,2022-11-04-145018,
Cloudcroft,12600.43,249,73467.65,1333,86068.08,1582,October,October 2022,2022,2022-11-04-145018,
Las Vegas,175823.98,4245,225176.08,6266,401000.06,10511,October,October 2022,2022,2022-11-04-145018,
Los Ranchos,3333.41,83,17387.2,362,20720.61,445,October,October 2022,2022,2022-11-04-145018,
Cuba,4740.59,126,53078.21,1668,57818.8,1794,October,October 2022,2022,2022-11-04-145018,
Raton,7001.66,160,83467.16,1339,90468.82,1499,October,October 2022,2022,2022-11-04-145018,
Peralta,21419.55,635,38001.66,1199,59421.21,1834,October,October 2022,2022,2022-11-04-145018,
Espanola,219657.12,4963,292934.82,8513,512591.94,13476,October,October 2022,2022,2022-11-04-145018,
Portales,174300.25,4621,134627.93,3766,308928.18,8387,October,October 2022,2022,2022-11-04-145018,Texas
Anthony,77943.11,1523,543672.11,11308,621615.22,12831,October,October 2022,2022,2022-11-04-145018,Texas
Fort Sumner,8479.01,227,21426.07,519,29905.08,746,October,October 2022,2022,2022-11-04-145018,
Albuquerque,6026388.58,118219,8104520.48,206660,14130909.06,324879,October,October 2022,2022,2022-11-04-145018,
Lovington,12677.59,245,28236.53,659,40914.12,904,October,October 2022,2022,2022-11-04-145018,Texas
Tularosa,30932.46,725,28911.32,901,59843.78,1626,October,October 2022,2022,2022-11-04-145018,
Madrid,8174.33,193,48809.99,1108,56984.32,1301,October,October 2022,2022,2022-11-04-145018,
Hobbs,324166.95,5561,1477676.98,18309,1801843.93,23870,October,October 2022,2022,2022-11-04-145018,Texas
Truth Or Consequences,175301.49,4205,162388.0,4070,337689.49,8275,October,October 2022,2022,2022-11-04-145018,
Corrales,38625.0,492,42928.9,827,81553.9,1319,October,October 2022,2022,2022-11-04-145018,
Farmington,180960.51,3823,668400.73,17942,849361.24,21765,October,October 2022,2022,2022-11-04-145018,
Socorro,69694.38,1451,97051.79,2654,166746.17,4105,October,October 2022,2022,2022-11-04-145018,
Ruidoso,288617.49,5568,626493.14,12260,915110.63,17828,October,October 2022,2022,2022-11-04-145018,
Jal,28.5,1,34822.02,482,34850.52,483,October,October 2022,2022,2022-11-04-145018,
Tatum,15643.25,189,78456.02,829,94099.27,1018,October,October 2022,2022,2022-11-04-145018,
